# This file uses centimeters as units for non-parametric coordinates.

mtllib TV.mtl
g default
v 2.107792 1.482151 3.152559
v 2.107792 7.767021 3.152559
v 2.107792 7.767021 -3.132312
v 2.107792 1.482151 -3.132312
v 2.107792 7.767021 0.010124
v 2.107792 1.482151 0.010124
v 2.107792 7.767021 1.581341
v 2.107792 1.482151 1.581341
v 2.107792 1.482151 -1.561094
v 2.107792 7.767021 -1.561094
v 2.442057 4.624586 3.152559
v 3.035612 4.624586 1.581341
v 3.035612 4.624586 0.010124
v 3.035612 4.624586 -1.561094
v 2.442057 4.624586 -3.132312
v 2.442057 6.195803 -3.132312
v 3.035612 6.195803 -1.561094
v 3.035612 6.195803 0.010124
v 3.035612 6.195803 1.581341
v 2.442057 6.195803 3.152559
v 2.442057 3.053368 3.152559
v 3.035612 3.053368 1.581341
v 3.035612 3.053368 0.010124
v 3.035612 3.053368 -1.561094
v 2.442057 3.053368 -3.132312
v 2.565372 6.981412 -3.132312
v 2.877512 6.981412 -1.561094
v 2.887538 6.981412 0.010124
v 2.769014 6.981412 1.581341
v 2.505681 6.981412 3.152559
v 2.555980 2.267759 3.152559
v 2.761239 2.267759 1.581341
v 2.749772 2.267759 0.010124
v 2.776356 2.267759 -1.561094
v 2.523802 2.267759 -3.132312
vt 0.241161 0.003414
vt 0.241161 0.997223
vt 0.790783 0.003414
vt 0.790783 0.997223
vt 0.515972 0.997223
vt 0.515972 0.003414
vt 0.378567 0.997223
vt 0.378567 0.003414
vt 0.653378 0.003414
vt 0.653378 0.997223
vt 0.241161 0.500318
vt 0.378567 0.500318
vt 0.515972 0.500318
vt 0.653378 0.500318
vt 0.790783 0.500318
vt 0.790783 0.748770
vt 0.653378 0.748770
vt 0.515972 0.748770
vt 0.378567 0.748770
vt 0.241161 0.748770
vt 0.241161 0.251866
vt 0.378567 0.251866
vt 0.515972 0.251866
vt 0.653378 0.251866
vt 0.790783 0.251866
vt 0.790783 0.872997
vt 0.653378 0.872997
vt 0.515972 0.872997
vt 0.378567 0.872997
vt 0.241161 0.872997
vt 0.241161 0.127640
vt 0.378567 0.127640
vt 0.515972 0.127640
vt 0.653378 0.127640
vt 0.790783 0.127640
vn 0.984628 0.035714 -0.170973
vn 0.997073 0.076240 0.005738
vn 1.000000 0.000000 0.000000
vn 0.982625 0.000000 -0.185602
vn 0.982784 0.063624 0.173456
vn 0.982625 0.000000 0.185602
vn 0.935475 0.000000 0.353392
vn 0.945092 0.040201 0.324323
vn 0.944242 0.006804 -0.329181
vn 0.935475 0.000000 -0.353392
vn 0.947028 -0.031535 0.319599
vn 0.983636 -0.074877 0.163870
vn 0.993196 -0.116448 0.000796
vn 0.983374 -0.074951 -0.165402
vn 0.945566 -0.035052 -0.323537
vn 0.911165 0.373140 -0.174769
vn 0.895388 0.436267 -0.089174
vn 0.862438 0.505947 0.014788
vn 0.892251 0.440839 0.097718
vn 0.914157 0.371886 0.161299
vn 0.916766 -0.372084 0.145237
vn 0.895591 -0.439150 0.071164
vn 0.860734 -0.509050 0.002073
vn 0.895726 -0.438072 -0.075951
vn 0.914605 -0.372060 -0.158335
vn 0.748808 0.661674 -0.038384
vn 0.785672 0.613701 -0.078041
vn 0.724353 0.689316 0.012505
vn 0.781668 0.621884 0.047493
vn 0.827211 0.557599 0.069319
vn 0.817627 -0.573267 0.053406
vn 0.794848 -0.606314 0.024509
vn 0.769751 -0.638342 0.001851
vn 0.794999 -0.605937 -0.028584
vn 0.821180 -0.566840 -0.065997
s 1
g Glass
usemtl surfaceShader1SG
f 17/17/1 18/18/2 13/13/3 14/14/4
f 18/18/2 19/19/5 12/12/6 13/13/3
f 11/11/7 12/12/6 19/19/5 20/20/8
f 16/16/9 17/17/1 14/14/4 15/15/10
f 21/21/11 22/22/12 12/12/6 11/11/7
f 13/13/3 12/12/6 22/22/12 23/23/13
f 14/14/4 13/13/3 23/23/13 24/24/14
f 15/15/10 14/14/4 24/24/14 25/25/15
f 26/26/16 27/27/17 17/17/1 16/16/9
f 27/27/17 28/28/18 18/18/2 17/17/1
f 28/28/18 29/29/19 19/19/5 18/18/2
f 20/20/8 19/19/5 29/29/19 30/30/20
f 31/31/21 32/32/22 22/22/12 21/21/11
f 23/23/13 22/22/12 32/32/22 33/33/23
f 24/24/14 23/23/13 33/33/23 34/34/24
f 25/25/15 24/24/14 34/34/24 35/35/25
f 10/10/26 27/27/17 26/26/16 3/4/27
f 5/5/28 28/28/18 27/27/17 10/10/26
f 7/7/29 29/29/19 28/28/18 5/5/28
f 30/30/20 29/29/19 7/7/29 2/2/30
f 1/1/31 8/8/32 32/32/22 31/31/21
f 33/33/23 32/32/22 8/8/32 6/6/33
f 34/34/24 33/33/23 6/6/33 9/9/34
f 35/35/25 34/34/24 9/9/34 4/3/35
g default
v -2.448398 1.342891 3.243301
v -2.449921 1.408356 3.309271
v -2.541530 1.429353 3.288115
v -2.540337 1.362414 3.221165
v 0.036258 1.387175 3.242810
v 0.035074 1.453625 3.309271
v -0.058900 1.451948 3.309271
v -0.057715 1.385499 3.242810
v -2.565157 7.894427 3.309271
v -2.566688 7.960381 3.243792
v -2.657517 7.937602 3.221165
v -2.656324 7.870662 3.288115
v -0.080491 7.938216 3.309271
v -0.081676 8.004666 3.242810
v -0.175649 8.002990 3.242810
v -0.174465 7.936542 3.309271
v -2.566332 7.960384 -3.243302
v -2.565521 7.894909 -3.309271
v -2.656324 7.870662 -3.288115
v -2.657517 7.937602 -3.221165
v -0.081676 8.004666 -3.242811
v -0.080491 7.938216 -3.309271
v -0.174465 7.936542 -3.309271
v -0.175649 8.002990 -3.242811
v -2.449574 1.408852 -3.309271
v -2.448755 1.342887 -3.243792
v -2.540337 1.362414 -3.221165
v -2.541530 1.429353 -3.288115
v 0.035074 1.453625 -3.309271
v 0.036258 1.387175 -3.242811
v -0.057715 1.385499 -3.242811
v -0.058900 1.451948 -3.309271
v -2.479582 3.044237 3.309271
v -2.570190 3.055475 3.288270
v -2.567352 2.957806 3.288801
v -2.477906 2.950264 3.309271
v 2.473585 1.498321 3.173875
v 2.472334 1.568483 3.240335
v 2.408520 1.494583 3.309271
v 2.409681 1.429472 3.244148
v 2.379327 3.036562 3.309271
v 2.445648 3.065904 3.243524
v 2.443770 3.171293 3.242401
v 2.378171 3.130706 3.309271
v -2.567195 7.960369 1.607641
v -2.657202 7.937763 1.594791
v -2.656113 7.938313 1.692496
v -2.567195 7.960369 1.701630
v 2.359270 7.912749 3.241573
v 2.358086 7.979199 3.171398
v 2.291746 8.046963 3.244148
v 2.292907 7.981853 3.309271
v 2.290036 8.046932 1.701894
v 2.358029 7.982385 1.673739
v 2.358048 7.981265 1.568335
v 2.290557 8.046940 1.607746
v -2.525081 5.597261 -3.309271
v -2.615319 5.587723 -3.288270
v -2.615936 5.683901 -3.288801
v -2.526756 5.691234 -3.309271
v 2.358063 7.980437 -3.173874
v 2.359315 7.910273 -3.240335
v 2.292907 7.981853 -3.309271
v 2.291746 8.046963 -3.244149
v 2.330656 5.777935 -3.309271
v 2.397618 5.760953 -3.243202
v 2.399368 5.662748 -3.242556
v 2.332628 5.683908 -3.309271
v -2.449261 1.342879 -1.607641
v -2.540015 1.362264 -1.594791
v -2.538908 1.361754 -1.692497
v -2.449261 1.342879 -1.701630
v 2.472379 1.566007 -3.241572
v 2.473563 1.499557 -3.171398
v 2.409681 1.429472 -3.244149
v 2.408520 1.494583 -3.309271
v 2.407969 1.429442 -1.701894
v 2.473620 1.496370 -1.673740
v 2.473600 1.497491 -1.568335
v 2.408491 1.429451 -1.607746
v 2.435901 1.771556 -3.033499
v 2.437074 1.705776 -2.968378
v 2.438270 1.638684 -3.033499
v 2.437074 1.705778 -3.100603
v 2.437074 1.705777 2.967709
v 2.435913 1.770886 3.033499
v 2.437074 1.705778 3.100603
v 2.438270 1.638684 3.033499
v 2.438266 1.638918 -1.603049
v 2.437074 1.705777 -1.563691
v 2.437074 1.705777 -1.469491
v 2.438247 1.639968 -1.497624
v 2.328968 7.771812 -2.967709
v 2.330128 7.706701 -3.033499
v 2.328968 7.771812 -3.100603
v 2.327772 7.838905 -3.033499
v 2.365631 5.714562 -3.088377
v 2.363955 5.808601 -3.007430
v 2.367101 5.632063 -3.018714
v 2.367374 5.616803 -3.093454
v 2.330140 7.706032 3.033499
v 2.328968 7.771812 2.968378
v 2.327772 7.838905 3.033499
v 2.328968 7.771812 3.100603
v 2.327776 7.838671 1.603049
v 2.328968 7.771812 1.563691
v 2.328968 7.771812 1.469491
v 2.327796 7.837621 1.497624
v 2.411586 3.135999 3.100368
v 2.410884 3.175350 3.033499
v 2.409205 3.269535 3.033499
v 2.409707 3.241408 3.099319
v 2.045802 1.698804 -2.967038
v 2.044617 1.765253 -3.033499
v 2.044618 1.765253 3.033499
v 2.045802 1.698804 2.967038
v 1.938921 7.696074 -3.028612
v 1.937696 7.764841 -2.964550
v 1.937696 7.764838 2.969187
v 1.938839 7.700686 3.037866
v -3.307841 1.717080 -2.853241
v -3.309113 1.783824 -2.919791
v -3.223704 1.743973 -2.960771
v -3.222523 1.677652 -2.894440
v -3.309029 1.783659 2.919830
v -3.307926 1.717118 2.853073
v -3.222523 1.677652 2.894440
v -3.223703 1.743973 2.960771
v -4.069360 2.155233 -2.536033
v -3.992214 2.098536 -2.591999
v -3.991500 2.032999 -2.526719
v -4.068151 2.087388 -2.468176
v -4.066903 2.086117 -1.332699
v -3.990588 2.032577 -1.344998
v -3.991289 2.032900 -1.247844
v -4.066903 2.086117 -1.238711
v -3.411898 7.555814 2.853241
v -3.410790 7.489066 2.919791
v -3.326857 7.531933 2.960771
v -3.328036 7.598255 2.894440
v -4.068151 2.087388 2.468176
v -3.991042 2.032785 2.526238
v -3.992658 2.098049 2.591779
v -4.069360 2.155233 2.536033
v -4.088368 3.290553 2.537323
v -4.012809 3.279598 2.592217
v -4.015240 3.376724 2.591880
v -4.090043 3.384527 2.537323
v -3.410710 7.489236 -2.919830
v -3.411979 7.555775 -2.853073
v -3.328036 7.598255 -2.894440
v -3.326857 7.531933 -2.960771
v -4.159048 7.067361 2.533773
v -4.082519 7.150494 2.591868
v -4.083652 7.215843 2.527685
v -4.154110 7.150888 2.479889
v -4.151263 7.155258 1.332699
v -4.082174 7.216591 1.346100
v -4.083657 7.215839 1.247844
v -4.151263 7.155258 1.238710
v -4.154110 7.150888 -2.479890
v -4.082963 7.216192 -2.526963
v -4.083346 7.151344 -2.591474
v -4.159048 7.067361 -2.533773
v -4.126976 5.456898 -2.537323
v -4.051491 5.450094 -2.592218
v -4.050484 5.354426 -2.591880
v -4.125231 5.359048 -2.537323
v -3.247961 3.109697 -2.960810
v -3.332916 3.128657 -2.919870
v -3.334631 3.224832 -2.919870
v -3.249674 3.205874 -2.960810
v -3.327955 7.598297 -1.528501
v -3.411816 7.555855 -1.508031
v -3.411816 7.555855 -1.411839
v -3.327955 7.598297 -1.432309
v -3.291871 5.573443 2.960810
v -3.376240 5.559657 2.919870
v -3.374552 5.464884 2.919870
v -3.290181 5.478672 2.960810
v -3.222438 1.677614 1.528501
v -3.307760 1.717042 1.508031
v -3.307760 1.717042 1.411839
v -3.222438 1.677614 1.432309
v -0.086362 2.992885 3.309271
v 0.007612 2.994559 3.309271
v 0.005937 3.088534 3.309271
v -0.088036 3.086859 3.309271
v -0.175649 8.002990 1.701630
v -0.081676 8.004666 1.701630
v -0.081676 8.004666 1.607641
v -0.175649 8.002990 1.607641
v -0.135210 5.733855 -3.309271
v -0.041236 5.735531 -3.309271
v -0.039562 5.641558 -3.309271
v -0.133535 5.639882 -3.309271
v -0.057715 1.385499 -1.701630
v 0.036258 1.387175 -1.701630
v 0.036258 1.387175 -1.607641
v -0.057715 1.385499 -1.607641
v -2.565976 7.960388 0.048213
v -2.567195 7.960369 -0.046994
v -2.657202 7.937763 -0.048213
v -2.657202 7.937763 0.048213
v -2.567195 7.960369 -1.701630
v -2.657202 7.937763 -1.693478
v -2.656113 7.938313 -1.596304
v -2.567195 7.960369 -1.607641
v -3.411816 7.555855 -0.046994
v -3.411816 7.555855 0.046994
v -3.327955 7.598297 0.046994
v -3.327955 7.598297 -0.046994
v -3.411816 7.555855 1.508031
v -3.327955 7.598297 1.528501
v -3.327955 7.598297 1.432309
v -3.411816 7.555855 1.411839
v -4.151263 7.155258 0.046994
v -4.082174 7.216591 0.048657
v -4.083657 7.215839 -0.046994
v -4.151263 7.155258 -0.046994
v -4.151263 7.155258 -1.238711
v -4.082174 7.216591 -1.246504
v -4.083657 7.215839 -1.344036
v -4.151263 7.155258 -1.332699
v -4.066903 2.086117 -0.046994
v -3.990588 2.032577 -0.047770
v -3.991289 2.032900 0.046994
v -4.066903 2.086117 0.046994
v -4.066903 2.086117 1.238710
v -3.990588 2.032577 1.247219
v -3.991289 2.032900 1.344036
v -4.066903 2.086117 1.332699
v -3.307760 1.717042 0.046994
v -3.307760 1.717042 -0.046994
v -3.222438 1.677614 -0.046994
v -3.222438 1.677614 0.046994
v -3.307760 1.717042 -1.508031
v -3.222438 1.677614 -1.528501
v -3.222438 1.677614 -1.432309
v -3.307760 1.717042 -1.411839
v -2.448042 1.342901 -0.048213
v -2.449261 1.342879 0.046994
v -2.540015 1.362264 0.048213
v -2.540015 1.362264 -0.048213
v -2.449261 1.342879 1.701630
v -2.540015 1.362264 1.693479
v -2.538908 1.361754 1.596304
v -2.449261 1.342879 1.607641
v 0.036258 1.387175 -0.046994
v 0.036258 1.387175 0.046994
v -0.057715 1.385499 0.046994
v -0.057715 1.385499 -0.046994
v 0.036258 1.387175 1.701630
v -0.057715 1.385499 1.701630
v -0.057715 1.385499 1.607641
v 0.036258 1.387175 1.607641
v 2.473607 1.497082 -0.046994
v 2.473607 1.497082 0.046994
v 2.408341 1.429448 0.046994
v 2.408341 1.429448 -0.046994
v 2.473618 1.496442 1.673761
v 2.408155 1.429446 1.701762
v 2.408491 1.429451 1.607746
v 2.473600 1.497491 1.568335
v 2.437074 1.705777 -0.046994
v 2.437074 1.705777 0.046994
v 2.438258 1.639328 0.046994
v 2.438258 1.639328 -0.046994
v 2.437074 1.705777 1.563639
v 2.438269 1.638731 1.603292
v 2.438247 1.639968 1.497624
v 2.437074 1.705777 1.469491
v 2.328968 7.771812 0.046994
v 2.328968 7.771812 -0.046994
v 2.327784 7.838262 -0.046994
v 2.327784 7.838262 0.046994
v 2.328968 7.771812 -1.563638
v 2.327773 7.838858 -1.603292
v 2.327796 7.837621 -1.497624
v 2.328968 7.771812 -1.469491
v 2.358041 7.981677 0.046994
v 2.358041 7.981677 -0.046994
v 2.290408 8.046939 -0.046994
v 2.290408 8.046939 0.046994
v 2.358031 7.982315 -1.673761
v 2.290221 8.046936 -1.701762
v 2.290557 8.046940 -1.607746
v 2.358048 7.981265 -1.568335
v -0.081676 8.004666 0.046994
v -0.081676 8.004666 -0.046994
v -0.175649 8.002990 -0.046994
v -0.175649 8.002990 0.046994
v -0.081676 8.004666 -1.701630
v -0.175649 8.002990 -1.701630
v -0.175649 8.002990 -1.607641
v -0.081676 8.004666 -1.607641
v 2.045802 1.698804 0.046994
v 2.045802 1.698804 -0.046994
v 1.937696 7.764841 -0.046994
v 1.937696 7.764841 0.046994
v -2.506151 4.603440 3.309271
v -2.509066 4.698608 3.309271
v -2.599466 4.698220 3.288270
v -2.597750 4.601808 3.288270
v -2.526756 5.691234 3.309271
v -2.617054 5.684954 3.288270
v -2.614246 5.589130 3.288801
v -2.525081 5.597261 3.309271
v -3.360626 4.683434 2.919870
v -3.358949 4.589461 2.919870
v -3.274360 4.590969 2.960810
v -3.276036 4.684943 2.960810
v -3.332916 3.128657 2.919870
v -3.247961 3.109697 2.960810
v -3.249674 3.205874 2.960810
v -3.334631 3.224832 2.919870
v -4.111148 4.568746 2.537323
v -4.035925 4.576620 2.592217
v -4.038313 4.671358 2.591880
v -4.112840 4.663701 2.537323
v -4.125231 5.359049 2.537323
v -4.049775 5.353757 2.592217
v -4.052176 5.449198 2.591880
v -4.126976 5.456898 2.537323
v -4.112840 4.663701 -2.537323
v -4.037627 4.672146 -2.592218
v -4.036637 4.577384 -2.591880
v -4.111148 4.568746 -2.537323
v -4.090043 3.384527 -2.537323
v -4.014552 3.377360 -2.592218
v -4.013525 3.280549 -2.591880
v -4.088368 3.290553 -2.537323
v -3.358949 4.589461 -2.919870
v -3.360625 4.683434 -2.919870
v -3.276036 4.684943 -2.960810
v -3.274360 4.590969 -2.960810
v -3.376240 5.559657 -2.919870
v -3.291871 5.573443 -2.960810
v -3.290181 5.478673 -2.960810
v -3.374552 5.464884 -2.919870
v -2.507868 4.699852 -3.309271
v -2.507391 4.604638 -3.309271
v -2.597750 4.601808 -3.288270
v -2.599467 4.698220 -3.288270
v -2.477906 2.950264 -3.309271
v -2.568432 2.956804 -3.288270
v -2.569066 3.053982 -3.288800
v -2.479582 3.044237 -3.309271
v -0.023546 4.742908 -3.309271
v -0.021871 4.648933 -3.309271
v -0.115845 4.647258 -3.309271
v -0.117520 4.741230 -3.309271
v 0.007612 2.994559 -3.309271
v -0.086362 2.992885 -3.309271
v -0.088036 3.086859 -3.309271
v 0.005937 3.088534 -3.309271
v 2.414987 4.786366 -3.242811
v 2.416662 4.692392 -3.242811
v 2.350212 4.691208 -3.309271
v 2.348537 4.785181 -3.309271
v 2.445648 3.065883 -3.243450
v 2.379511 3.036699 -3.309271
v 2.378171 3.130706 -3.309271
v 2.443770 3.171293 -3.242401
v 2.382183 4.785782 -3.033499
v 2.383858 4.691807 -3.033499
v 2.383858 4.691808 -3.099958
v 2.382184 4.785781 -3.099958
v 2.410883 3.175404 -3.033499
v 2.411590 3.135757 -3.100556
v 2.409707 3.241408 -3.099319
v 2.409205 3.269535 -3.033499
v 2.383858 4.691807 3.033499
v 2.382183 4.785782 3.033499
v 2.382184 4.785781 3.099958
v 2.383858 4.691808 3.099958
v 2.365242 5.736405 3.202391
v 2.365514 5.721147 3.110219
v 2.367272 5.622483 3.109621
v 2.367096 5.632352 3.109718
v 2.416662 4.692392 3.242810
v 2.414987 4.786366 3.242810
v 2.348537 4.785181 3.309271
v 2.350212 4.691208 3.309271
v 2.397619 5.760975 3.243149
v 2.330751 5.777870 3.309271
v 2.332628 5.683908 3.309271
v 2.399368 5.662748 3.242556
v -0.021871 4.648933 3.309271
v -0.023546 4.742908 3.309271
v -0.117520 4.741230 3.309271
v -0.115845 4.647258 3.309271
v -0.041236 5.735531 3.309271
v -0.135210 5.733855 3.309271
v -0.133535 5.639882 3.309271
v -0.039562 5.641558 3.309271
v 1.992587 4.684779 -3.033499
v 1.990915 4.778644 -3.028953
v 1.990915 4.778597 3.038652
v 1.992588 4.684764 3.033499
v 2.045802 1.698804 1.563744
v 2.045802 1.698804 1.469755
v 1.937696 7.764841 1.469755
v 1.937696 7.764838 1.563744
v 1.937696 7.764841 -1.563743
v 1.937696 7.764841 -1.469755
v 2.045802 1.698804 -1.469755
v 2.045802 1.698804 -1.563743
v 2.019613 3.168326 -3.033499
v 2.017938 3.262300 -3.033499
v 2.017939 3.262300 3.033499
v 2.019613 3.168325 3.033499
v 1.970227 5.939428 3.157782
v 1.972198 5.828834 3.154378
v 1.970299 5.935458 -2.916643
v 1.967103 6.114738 -2.916251
v -4.444116 3.381820 2.113673
v -4.442377 3.284243 2.117275
v -4.407485 3.281262 2.200969
v -4.409291 3.382441 2.200969
v -4.444054 3.378218 1.238710
v -4.442377 3.284243 1.238710
v -4.442377 3.284243 1.332699
v -4.444054 3.378218 1.332699
v -4.392079 2.416732 1.235108
v -4.394606 2.419299 1.332699
v -4.428460 2.503392 1.336302
v -4.428460 2.503392 1.235108
v -4.428460 2.503392 2.113673
v -4.392079 2.416732 2.138464
v -4.393194 2.479226 2.200969
v -4.393194 2.479226 -2.200969
v -4.389833 2.414449 -2.136831
v -4.428460 2.503392 -2.113673
v -4.428460 2.503392 -1.235108
v -4.428396 2.499791 -1.332699
v -4.392079 2.416732 -1.336302
v -4.392079 2.416732 -1.235108
v -4.444054 3.378218 -1.332699
v -4.442377 3.284243 -1.332699
v -4.442377 3.284243 -1.238711
v -4.444054 3.378218 -1.238711
v -4.409291 3.382441 -2.200969
v -4.410031 3.284819 -2.198356
v -4.442312 3.280642 -2.113673
v -4.444116 3.381820 -2.113673
v -4.500910 6.568677 1.236546
v -4.500948 6.570841 1.332699
v -4.474933 6.659003 1.334864
v -4.474933 6.659003 1.236546
v -4.479173 5.348955 1.332699
v -4.480876 5.444530 1.332699
v -4.480706 5.435019 1.238710
v -4.479036 5.341046 1.238710
v -4.446744 5.484131 2.200969
v -4.451056 5.586730 2.198356
v -4.483521 5.592936 2.113673
v -4.481687 5.490031 2.113673
v -4.500910 6.568677 2.115110
v -4.466590 6.597720 2.200969
v -4.474933 6.659003 2.136226
v -4.481688 5.490031 -2.113673
v -4.483470 5.589941 -2.117275
v -4.448623 5.589480 -2.200969
v -4.446745 5.484131 -2.200969
v -4.479036 5.341046 -1.238711
v -4.480706 5.435019 -1.238711
v -4.480876 5.444530 -1.332699
v -4.479173 5.348955 -1.332699
v -4.474934 6.659003 -1.236546
v -4.476116 6.657191 -1.332699
v -4.500911 6.568676 -1.334864
v -4.500911 6.568676 -1.236546
v -4.500885 6.567241 -2.113673
v -4.474934 6.659003 -2.136226
v -4.466591 6.597722 -2.200969
v -4.500910 6.568677 -0.049160
v -4.500948 6.570841 0.046994
v -4.474933 6.659003 0.049159
v -4.474933 6.659003 -0.049159
v -4.479036 5.341046 0.046994
v -4.480706 5.435019 0.046994
v -4.480706 5.435019 -0.046995
v -4.479036 5.341046 -0.046994
v -4.444054 3.378218 -0.046994
v -4.442377 3.284243 -0.046994
v -4.442377 3.284243 0.046994
v -4.444054 3.378218 0.046994
v -4.392079 2.416732 -0.050597
v -4.394606 2.419299 0.046994
v -4.428460 2.503392 0.050597
v -4.428460 2.503392 -0.050597
v -4.465662 4.590811 2.113673
v -4.463910 4.492482 2.117275
v -4.429067 4.492158 2.200969
v -4.430891 4.594394 2.200969
v -4.466960 4.663719 1.238710
v -4.465286 4.569743 1.238710
v -4.465205 4.565189 1.332699
v -4.466888 4.659565 1.332699
v -4.466960 4.663719 -0.046994
v -4.465286 4.569743 -0.046994
v -4.465286 4.569743 0.046994
v -4.466960 4.663719 0.046994
v -4.466888 4.659565 -1.332699
v -4.465205 4.565189 -1.332699
v -4.465286 4.569743 -1.238711
v -4.466960 4.663719 -1.238711
v -4.430891 4.594394 -2.200969
v -4.431602 4.495230 -2.198356
v -4.463855 4.489200 -2.113673
v -4.465662 4.590811 -2.113673
v -2.554473 1.094404 3.483171
v -2.653488 1.115447 3.459356
v -2.653026 1.115249 1.818513
v -2.555352 1.094387 1.827266
v -2.556118 1.165287 3.554601
v 0.012882 1.140157 3.482649
v 0.011600 1.212095 3.554603
v -2.654779 1.187873 3.531795
v -2.586130 2.821448 3.554602
v -2.682399 2.829545 3.532570
v -3.387491 1.525784 3.180183
v -3.386107 1.454010 3.108496
v 0.113745 1.141955 3.482650
v 0.012883 1.140157 1.827265
v 0.113794 1.141956 1.827265
v 0.112461 1.213895 3.554602
v 2.662994 1.187405 3.484060
v 2.661737 1.257923 3.554584
v 0.083016 2.869018 3.554602
v -0.017896 2.867220 3.554602
v -2.679877 8.131063 3.554602
v -2.778062 8.105492 3.531795
v -2.735769 5.758046 3.532000
v -2.638585 5.764794 3.554602
v -2.681531 8.202473 3.483701
v -0.112512 8.176291 3.554603
v -0.113794 8.248234 3.482650
v -2.779353 8.177919 3.459358
v -2.682028 8.202464 1.827265
v -2.777730 8.178722 1.817457
v -3.499590 7.813394 3.108423
v -3.498210 7.741721 3.180212
v -0.011548 8.178092 3.554602
v -0.070351 5.810563 3.554602
v 0.030561 5.812361 3.554602
v -0.012832 8.250032 3.482650
v 2.537575 8.224932 3.554584
v 2.536317 8.295444 3.484055
v -0.012882 8.250032 1.827265
v -0.113794 8.248234 1.827265
v -2.681150 8.202478 -3.483171
v -2.779353 8.177919 -3.459356
v -2.778898 8.178133 -1.818513
v -2.682029 8.202465 -1.827266
v -2.680268 8.131584 -3.554601
v -0.113794 8.248234 -3.482649
v -0.112512 8.176291 -3.554603
v -2.778062 8.105494 -3.531796
v -2.638585 5.764793 -3.554603
v -2.734570 5.756916 -3.532570
v -3.498374 7.741637 -3.180131
v -3.499551 7.813413 -3.108443
v -0.012832 8.250032 -3.482650
v -0.113794 8.248234 -1.827265
v -0.012882 8.250032 -1.827265
v -0.011548 8.178092 -3.554602
v 2.536318 8.295444 -3.484060
v 2.537576 8.224926 -3.554584
v 0.030561 5.812361 -3.554602
v -0.070351 5.810563 -3.554602
v -2.555745 1.165823 -3.554601
v -2.654778 1.187875 -3.531795
v -2.683559 2.828468 -3.531999
v -2.586131 2.821450 -3.554603
v -2.554855 1.094398 -3.483701
v 0.011600 1.212096 -3.554603
v 0.012883 1.140157 -3.482650
v -2.653489 1.115447 -3.459358
v -2.555351 1.094388 -1.827265
v -2.651838 1.114704 -1.817457
v -3.386271 1.454085 -3.108418
v -3.387444 1.525764 -3.180205
v 0.112461 1.213895 -3.554602
v -0.017896 2.867220 -3.554602
v 0.083016 2.869018 -3.554602
v 0.113745 1.141955 -3.482650
v 2.661738 1.257919 -3.554584
v 2.662994 1.187405 -3.484055
v 0.113795 1.141956 -1.827265
v 0.012882 1.140157 -1.827265
v -2.587929 2.922363 3.554602
v -0.019695 2.968132 3.554602
v -2.685447 2.934426 3.532000
v -2.616458 4.596683 3.554602
v -2.715039 4.594927 3.532000
v -3.415203 3.095927 3.180314
v -3.413362 2.992649 3.180314
v 2.732064 1.261913 3.408229
v 2.661230 1.187355 1.827406
v 2.732100 1.259893 1.797338
v 2.730714 1.337658 3.479985
v 2.729352 1.414090 3.257433
v 2.728072 1.485761 3.329119
v 2.702058 2.945649 3.483413
v 2.630256 2.914130 3.554603
v 2.629013 3.015225 3.554602
v 0.081217 2.969931 3.554602
v 2.700039 3.058818 3.482210
v 2.700703 3.021544 3.328864
v 2.698685 3.134886 3.327733
v 2.670931 4.692222 3.482649
v 2.598990 4.690941 3.554603
v -2.682028 8.202465 1.726337
v -0.113794 8.248234 1.726337
v -2.778898 8.178133 1.712538
v -2.680719 8.202489 0.051773
v -2.778898 8.178133 0.051773
v -3.499276 7.813554 1.538060
v -3.499276 7.813554 1.641354
v 2.609301 8.150369 3.481315
v 2.578095 5.857833 3.554602
v 2.650481 5.839702 3.483011
v 2.608023 8.222112 3.405561
v 2.611988 7.999632 3.329082
v 2.610711 8.071270 3.257433
v 2.607962 8.225540 1.797315
v 2.534353 8.295428 1.827549
v 2.534911 8.295439 1.726449
v -0.012882 8.250032 1.726337
v 2.607984 8.224339 1.684129
v 2.610715 8.071015 1.721407
v 2.610736 8.069883 1.608052
v 2.607975 8.224775 0.050464
v 2.534752 8.295435 0.050464
v -2.636787 5.663881 -3.554602
v -0.068553 5.709651 -3.554602
v -2.733907 5.653634 -3.532000
v -2.618303 4.700213 -3.554603
v -2.716885 4.698458 -3.532000
v -3.458698 5.536531 -3.180314
v -3.460509 5.638300 -3.180314
v 2.607999 8.223444 -3.408229
v 2.534553 8.295432 -1.827406
v 2.607963 8.225463 -1.797338
v 2.609349 8.147701 -3.479984
v 2.610712 8.071270 -3.257432
v 2.611989 7.999523 -3.329191
v 2.650481 5.839677 -3.483067
v 2.577993 5.857904 -3.554602
v 2.580107 5.756935 -3.554602
v 0.032359 5.711450 -3.554602
v 2.652361 5.734222 -3.482376
v 2.651352 5.790782 -3.316070
v 2.653228 5.685496 -3.321518
v 2.669132 4.793135 -3.482650
v 2.597192 4.791852 -3.554602
v -2.555351 1.094383 -1.726337
v 0.012882 1.140157 -1.726337
v -2.653026 1.115253 -1.712538
v -2.554043 1.094409 -0.051773
v -2.653026 1.115253 -0.051773
v -3.385937 1.453933 -1.538060
v -3.385937 1.453933 -1.641354
v 2.730762 1.334991 -3.481316
v 2.630453 2.914277 -3.554603
v 2.702058 2.945626 -3.483335
v 2.732040 1.263244 -3.405562
v 2.728072 1.485763 -3.329118
v 2.729352 1.414087 -3.257434
v 2.732102 1.259817 -1.797315
v 2.661030 1.187351 -1.827549
v 2.661588 1.187361 -1.726449
v 0.113795 1.141956 -1.726337
v 2.732080 1.261019 -1.684129
v 2.729348 1.414342 -1.721407
v 2.729326 1.415473 -1.608034
v 2.732085 1.260581 -0.050464
v 2.661429 1.187359 -0.050464
v 2.635738 1.810641 -2.990050
v 2.700710 3.021284 -3.329065
v 2.610410 3.196908 -2.990032
v 2.637549 1.746225 -2.926273
v 2.281323 1.805012 -2.990032
v 2.282483 1.739918 -2.924925
v 2.636190 1.746220 -1.539168
v 2.636887 1.746213 2.936309
v 2.729351 1.414141 1.721668
v 2.636263 1.746222 1.549813
v 2.636414 1.809992 3.000747
v 2.282485 1.739916 2.935623
v 2.281325 1.805015 3.000728
v 2.610338 3.196854 3.000728
v 2.635744 1.746214 -1.446331
v 2.282482 1.739918 -1.539220
v 2.282482 1.739918 -1.446384
v 2.636114 1.746219 -0.041070
v 2.729340 1.414786 -0.050464
v 2.530141 7.736064 -2.925608
v 2.610712 8.071217 -1.721668
v 2.529516 7.736033 -1.539117
v 2.532013 7.672334 -2.990092
v 2.175738 7.729726 -2.922460
v 2.176938 7.662371 -2.985188
v 2.583608 5.798162 -2.964414
v 2.582264 5.623670 -2.975557
v 2.204771 6.100794 -2.874255
v 2.207927 5.923652 -2.874645
v 2.581973 4.787505 -2.990066
v 2.669133 4.793130 -3.328448
v 2.531235 7.671605 3.000707
v 2.651233 5.797562 3.339389
v 2.557106 5.726350 3.018687
v 2.530798 7.736069 2.936974
v 2.176860 7.666879 3.005057
v 2.175739 7.729724 2.937751
v 2.529443 7.736029 1.549865
v 2.528997 7.736024 1.457044
v 2.175740 7.729724 1.549916
v 2.175740 7.729724 1.457080
v 2.529366 7.736029 0.051766
v 2.610723 8.070572 0.050464
v 2.608238 3.289653 3.000728
v 2.256638 3.190499 3.000728
v 2.254983 3.283321 3.000728
v 2.583562 4.694720 3.000723
v 2.670931 4.692222 3.328421
v -3.477565 1.496273 -3.064335
v -3.477556 1.496270 -1.619373
v -3.479422 1.568679 -3.136073
v -4.211998 1.835670 -2.713574
v -4.212774 1.906529 -2.784153
v -3.504590 3.013007 -3.136351
v -3.413362 2.992649 -3.180314
v -3.478824 1.568264 3.136359
v -3.504590 3.013007 3.136351
v -3.478112 1.496523 3.063932
v -4.213254 1.906000 2.783917
v -4.211507 1.835444 2.713056
v -3.477556 1.496270 1.619373
v -3.385937 1.453933 1.641354
v -4.295748 1.967466 -2.723921
v -4.294442 1.894207 -2.650646
v -4.639999 2.245590 -2.294776
v -4.643573 2.315438 -2.364018
v -4.316044 3.186852 -2.725414
v -4.235528 3.176113 -2.784106
v -4.210881 1.835140 -1.444303
v -4.292980 1.892739 -1.431096
v -4.292980 1.892739 -1.330168
v -4.642362 2.247961 -1.326297
v -4.642359 2.247958 -1.434963
v -4.211637 1.835487 -1.339975
v -3.477556 1.496270 -1.516079
v -4.210881 1.835138 -0.051297
v -4.292980 1.892739 -0.050464
v -3.589290 7.767997 3.064358
v -3.589328 7.767978 1.619373
v -3.588685 7.695511 3.136038
v -4.311018 7.402712 2.714617
v -4.309761 7.332064 2.784011
v -3.551110 5.623495 3.136351
v -3.460509 5.638300 3.180314
v -4.294442 1.894207 2.650647
v -4.295748 1.967469 2.723922
v -4.643615 2.315439 2.363937
v -4.642365 2.247964 2.296532
v -4.292981 1.892739 1.431096
v -4.211637 1.835487 1.443269
v -4.234761 3.175093 2.784468
v -4.316044 3.186851 2.725414
v -4.317846 3.287766 2.725415
v -4.660851 3.285524 2.364024
v -4.658915 3.176875 2.364024
v -4.237369 3.279390 2.784106
v -3.506430 3.116285 3.136351
v -4.259582 4.567878 2.784468
v -4.340508 4.559418 2.725414
v -3.587909 7.696046 -3.136418
v -3.551110 5.623495 -3.136351
v -3.590099 7.767589 -3.063821
v -4.310658 7.332981 -2.783587
v -4.310273 7.403088 -2.713838
v -3.589328 7.767978 -1.619373
v -3.499276 7.813554 -1.641354
v -4.392074 7.242708 2.721488
v -4.386835 7.332762 2.663226
v -4.731432 6.804364 2.294132
v -4.722389 6.738333 2.364020
v -4.357502 5.513144 2.725414
v -4.277032 5.504879 2.784105
v -4.309299 7.403605 1.445486
v -4.383688 7.337566 1.431096
v -4.383687 7.337567 1.330168
v -4.731403 6.804439 1.327842
v -4.731403 6.804439 1.433420
v -4.310890 7.402799 1.339976
v -3.589328 7.767978 1.516079
v -4.309302 7.403608 0.052250
v -4.383687 7.337567 0.050465
v -4.386835 7.332762 -2.663224
v -4.392075 7.242708 -2.721486
v -4.722436 6.738331 -2.363933
v -4.731406 6.804436 -2.294135
v -4.383687 7.337565 -1.431095
v -4.310892 7.402798 -1.443269
v -4.276299 5.505841 -2.784468
v -4.357502 5.513145 -2.725414
v -4.355628 5.408072 -2.725415
v -4.701074 5.542383 -2.364022
v -4.703089 5.655511 -2.364024
v -4.275217 5.403109 -2.784106
v -3.549299 5.521725 -3.136351
v -4.261411 4.670455 -2.784469
v -4.342322 4.661386 -2.725414
v -3.415203 3.095927 -3.180314
v -2.684240 2.932822 -3.532570
v -3.506430 3.116285 -3.136351
v -4.236631 3.280075 -2.784468
v -3.532543 4.581667 -3.136351
v -3.441707 4.583286 -3.180314
v -3.499276 7.813554 -1.538060
v -2.777730 8.178722 -1.714164
v -3.589328 7.767978 -1.516079
v -4.309302 7.403608 -1.338536
v -3.589328 7.767978 -0.050464
v -3.499276 7.813554 -0.050464
v -3.458698 5.536531 3.180314
v -2.732756 5.655146 3.532570
v -3.549299 5.521725 3.136351
v -4.274459 5.402390 2.784468
v -3.534341 4.682579 3.136351
v -3.443506 4.684197 3.180314
v -3.385937 1.453933 1.538060
v -2.651838 1.114704 1.714164
v -3.477556 1.496270 1.516079
v -4.210880 1.835138 1.339304
v -3.477556 1.496270 0.050464
v -3.385937 1.453933 0.050464
v 0.051355 4.645538 3.554602
v -0.049557 4.643739 3.554602
v -0.012882 8.250032 0.050464
v -0.113794 8.248234 0.050464
v 0.049557 4.746451 -3.554602
v -0.051355 4.744650 -3.554602
v 0.113795 1.141956 -0.050464
v 0.012882 1.140157 -0.050464
v -2.682028 8.202465 -0.050464
v -0.113794 8.248234 -0.050464
v -2.778898 8.178133 -0.051773
v -2.682029 8.202464 -1.726338
v -3.499276 7.813554 0.050464
v -0.113794 8.248234 -1.726337
v -3.589328 7.767978 0.050464
v -4.310890 7.402798 -0.050464
v -4.383687 7.337567 -0.050464
v -4.731404 6.804439 -0.052790
v -4.731403 6.804439 0.052788
v -4.383687 7.337568 -1.330167
v -4.732675 6.802488 -1.431095
v -4.731406 6.804437 -1.327842
v -4.292980 1.892739 0.050464
v -4.645079 2.250725 0.050462
v -4.642365 2.247963 -0.054335
v -4.211636 1.835487 0.050464
v -3.477556 1.496270 -0.050464
v -4.292980 1.892739 1.330168
v -4.645079 2.250725 1.431094
v -4.642366 2.247964 1.326297
v -3.385937 1.453933 -0.050464
v -2.653026 1.115253 0.051773
v -2.555351 1.094383 0.050464
v 0.012882 1.140157 0.050464
v -2.555351 1.094383 1.726338
v 0.012883 1.140157 1.726338
v 0.113795 1.141956 0.050464
v 2.661429 1.187359 0.050464
v 0.113794 1.141956 1.726338
v 2.661588 1.187362 1.726449
v 2.732085 1.260581 0.050464
v 2.729340 1.414786 0.050464
v 2.732077 1.261023 1.683504
v 2.729326 1.415473 1.607883
v 2.636114 1.746219 0.051766
v 2.282482 1.739918 -0.041070
v 2.282482 1.739918 0.051766
v 2.635744 1.746214 1.457080
v 2.282482 1.739918 1.457080
v 2.282482 1.739918 1.549916
v 2.529366 7.736029 -0.041070
v 2.175740 7.729724 0.051766
v 2.175740 7.729724 -0.041070
v 2.610723 8.070572 -0.050464
v 2.528997 7.736024 -1.446419
v 2.610736 8.069883 -1.607922
v 2.607975 8.224775 -0.050464
v 2.175740 7.729724 -1.446384
v 2.175740 7.729724 -1.539220
v 2.607983 8.224339 -1.683523
v 2.534752 8.295434 -0.050464
v 2.534911 8.295438 -1.726449
v -0.012882 8.250032 -0.050464
v -0.012882 8.250032 -1.726337
v -2.619591 4.698882 3.554602
v -0.051355 4.744650 3.554602
v -2.716884 4.698456 3.532000
v -2.636787 5.663882 3.554602
v -3.441707 4.583286 3.180314
v -0.068553 5.709651 3.554602
v -3.532543 4.581667 3.136351
v -4.262144 4.669609 2.784106
v -4.342322 4.661386 2.725415
v -4.684047 4.586959 2.364023
v -4.682093 4.477174 2.364024
v -4.355628 5.408072 2.725415
v -4.705709 5.652557 2.361213
v -4.701076 5.542382 2.364020
v -4.340508 4.559418 -2.725415
v -4.684821 4.480472 -2.361213
v -4.684050 4.586960 -2.364020
v -4.260346 4.568696 -2.784106
v -3.534341 4.682579 -3.136351
v -4.317846 3.287766 -2.725415
v -4.661652 3.180696 -2.361213
v -4.660857 3.285524 -2.364018
v -3.443506 4.684197 -3.180314
v -2.715040 4.594928 -3.532000
v -2.617790 4.597970 -3.554602
v -0.049557 4.643739 -3.554602
v -2.587928 2.922362 -3.554603
v -0.019695 2.968132 -3.554602
v 0.051355 4.645538 -3.554602
v 2.598990 4.690941 -3.554602
v 0.081217 2.969931 -3.554602
v 2.629013 3.015225 -3.554602
v 2.670931 4.692222 -3.482649
v 2.670931 4.692222 -3.328421
v 2.700039 3.058818 -3.482210
v 2.698682 3.135052 -3.327733
v 2.583570 4.694705 -2.990034
v 2.228289 4.781024 -2.985543
v 2.229941 4.688346 -2.990032
v 2.608238 3.289615 -2.990032
v 2.254981 3.283321 -2.990032
v 2.256637 3.190499 -2.990032
v 2.581857 4.787557 3.000686
v 2.229943 4.688352 3.000728
v 2.228291 4.781053 3.005821
v 2.669133 4.793139 3.328405
v 2.560265 5.623621 3.018355
v 2.653120 5.691618 3.338748
v 2.669132 4.793135 3.482650
v 2.209801 5.818398 3.120146
v 2.207854 5.927606 3.123505
v 2.652370 5.733748 3.482376
v 2.597192 4.791852 3.554602
v 2.580097 5.757533 3.554602
v 0.049557 4.746451 3.554602
v 0.032359 5.711450 3.554602
v -4.698393 3.284855 2.269927
v -4.719649 4.477518 2.273795
v -4.696527 3.180074 2.273795
v -4.698326 3.280984 1.431096
v -4.696527 3.180072 1.431096
v -4.681579 2.341396 2.269906
v -4.698326 3.280984 1.330168
v -4.721040 4.555592 1.431096
v -4.721127 4.560485 1.330168
v -4.696527 3.180072 1.330168
v -4.698326 3.280984 0.050464
v -4.696527 3.180072 0.050464
v -4.681579 2.341380 1.326297
v -4.681579 2.341380 1.434963
v -4.681579 2.341380 0.054331
v -4.681581 2.341386 -2.269901
v -4.696457 3.176206 -2.269919
v -4.681509 2.337503 -1.431094
v -4.681579 2.341375 -1.326297
v -4.681578 2.341378 -0.054335
v -4.696527 3.180072 -1.330168
v -4.696527 3.180072 -1.431096
v -4.698326 3.280984 -1.431096
v -4.698326 3.280984 -1.330168
v -4.721127 4.560485 -1.330168
v -4.721040 4.555592 -1.431096
v -4.698393 3.284855 -2.269919
v -4.696527 3.180072 -0.050464
v -4.698326 3.280984 -0.050464
v -4.719589 4.473994 -2.269919
v -4.759384 6.707155 1.327842
v -4.759426 6.709480 0.050463
v -4.759425 6.709479 1.431095
v -4.737686 5.489645 1.330168
v -4.737869 5.499857 1.431096
v -4.759384 6.707137 2.271451
v -4.736039 5.397226 1.431096
v -4.735892 5.388732 1.330168
v -4.722926 4.661397 1.330168
v -4.722846 4.656937 1.431096
v -4.738739 5.548718 2.269921
v -4.740708 5.659220 2.269919
v -4.737686 5.489645 0.050464
v -4.735892 5.388732 0.050464
v -4.721530 4.583109 2.269924
v -4.738740 5.548718 -2.269925
v -4.721531 4.583109 -2.269921
v -4.740652 5.656003 -2.273795
v -4.736039 5.397226 -1.431096
v -4.737869 5.499857 -1.431096
v -4.759357 6.705590 -2.269908
v -4.735892 5.388732 -1.330168
v -4.722846 4.656937 -1.431096
v -4.722926 4.661397 -1.330168
v -4.737686 5.489645 -1.330168
v -4.735892 5.388732 -0.050464
v -4.737686 5.489645 -0.050464
v -4.759386 6.707152 -1.327842
v -4.759385 6.707150 -1.433420
v -4.759384 6.707154 -0.052790
v -4.722926 4.661397 -0.050464
v -4.722926 4.661397 0.050464
v -4.721127 4.560485 0.050464
v -4.721127 4.560485 -0.050464
v 0.346557 11.475052 2.372897
v 0.339454 11.476115 2.382224
v 0.331020 11.479283 2.375351
v 0.338166 11.478226 2.366086
v 0.528426 11.447603 2.425582
v 0.529182 11.447414 2.437327
v 0.517868 11.447384 2.437983
v 0.517181 11.447590 2.426256
v 0.698917 11.478537 2.344457
v 0.707149 11.479641 2.352795
v 0.699584 11.476412 2.360590
v 0.691406 11.475351 2.352225
v 0.319087 11.616022 2.049864
v 0.311065 11.623212 2.045126
v 0.318628 11.626389 2.037307
v 0.326599 11.619205 2.042094
v 0.489578 11.646955 1.968738
v 0.489033 11.655437 1.960597
v 0.500344 11.655416 1.959916
v 0.500824 11.646965 1.968064
v 0.671448 11.619501 2.021420
v 0.678760 11.626736 2.015698
v 0.687193 11.623518 2.022549
v 0.679839 11.616333 2.028234
v 0.259846 11.544817 2.217274
v 0.249107 11.548932 2.219770
v 0.248492 11.553427 2.209385
v 0.259224 11.549311 2.206962
v 0.758159 11.549751 2.177051
v 0.769107 11.553929 2.178155
v 0.769722 11.549383 2.188517
v 0.758781 11.545258 2.187363
v 0.300325 11.516768 2.430719
v 0.304080 11.509166 2.422771
v 0.312375 11.506019 2.429289
v 0.308620 11.513633 2.437454
v 0.521889 11.479311 2.504149
v 0.521463 11.472421 2.494797
v 0.532441 11.472396 2.493965
v 0.533005 11.479319 2.503480
v 0.736718 11.514003 2.411790
v 0.732225 11.506464 2.404169
v 0.739453 11.509525 2.396451
v 0.744143 11.517151 2.404110
v 0.284067 11.690977 2.030480
v 0.288096 11.680084 2.030097
v 0.280864 11.676840 2.037738
v 0.276642 11.687828 2.038159
v 0.498896 11.725675 1.938124
v 0.498859 11.714130 1.939472
v 0.487876 11.713972 1.940225
v 0.487780 11.725665 1.938791
v 0.720459 11.688213 2.011553
v 0.716241 11.677386 2.011497
v 0.707940 11.680347 2.004898
v 0.712163 11.691347 2.004814
v 0.201816 11.604443 2.234523
v 0.207416 11.595182 2.230288
v 0.208169 11.590697 2.240314
v 0.202431 11.600001 2.244716
v 0.818968 11.600539 2.207749
v 0.812903 11.591368 2.203979
v 0.812147 11.595667 2.193874
v 0.818353 11.604980 2.197556
v 0.281676 11.592913 2.489104
v 0.284327 11.583929 2.482294
v 0.292521 11.580624 2.488442
v 0.289971 11.589780 2.495841
v 0.525749 11.551832 2.569574
v 0.525663 11.543409 2.561620
v 0.536372 11.543176 2.560556
v 0.536865 11.551844 2.568908
v 0.762079 11.590185 2.467538
v 0.759159 11.581413 2.460564
v 0.766105 11.584171 2.452816
v 0.769504 11.593332 2.459858
v 0.262984 11.784708 2.048514
v 0.265401 11.773510 2.046817
v 0.258437 11.770027 2.054249
v 0.255559 11.781561 2.056194
v 0.499313 11.823065 1.946478
v 0.498896 11.811511 1.945755
v 0.488169 11.811028 1.946508
v 0.488197 11.823057 1.947144
v 0.743385 11.781981 2.026946
v 0.740231 11.770991 2.025084
v 0.732019 11.773575 2.018622
v 0.735090 11.785112 2.020208
v 0.172836 11.689373 2.273279
v 0.176523 11.679237 2.269058
v 0.177397 11.674588 2.278728
v 0.173451 11.684933 2.283472
v 0.852226 11.685526 2.242778
v 0.848035 11.675688 2.238326
v 0.847144 11.679617 2.228343
v 0.851611 11.689968 2.232585
v 0.251000 11.700158 2.576770
v 0.250738 11.689953 2.572335
v 0.259034 11.686823 2.579083
v 0.259295 11.697025 2.583508
v 0.531602 11.653200 2.668660
v 0.531339 11.642994 2.664231
v 0.542462 11.643005 2.663570
v 0.542718 11.653210 2.667995
v 0.802824 11.697487 2.550920
v 0.802564 11.687284 2.546495
v 0.809997 11.690437 2.538817
v 0.810250 11.700640 2.543242
v 0.228358 11.920490 2.070687
v 0.228105 11.910288 2.066250
v 0.220671 11.907143 2.073934
v 0.220932 11.917339 2.078365
v 0.499579 11.964788 1.952947
v 0.499329 11.954582 1.948515
v 0.488206 11.954577 1.949177
v 0.488463 11.964779 1.953614
v 0.780179 11.917822 2.044837
v 0.779927 11.907615 2.040407
v 0.771631 11.910761 2.033668
v 0.771884 11.920958 2.038100
v 0.125393 11.810872 2.329084
v 0.125135 11.800671 2.324649
v 0.125745 11.796232 2.334850
v 0.126008 11.806433 2.339280
v 0.905787 11.807108 2.292529
v 0.905531 11.796897 2.288098
v 0.904920 11.801348 2.277903
v 0.905172 11.811549 2.282334
v 0.287928 11.821465 2.587732
v 0.283418 11.810848 2.588769
v 0.291517 11.807550 2.595251
v 0.296223 11.818329 2.594471
v 0.531454 11.780467 2.668024
v 0.531863 11.769141 2.670410
v 0.542718 11.768918 2.669659
v 0.542570 11.780478 2.667358
v 0.767262 11.818729 2.566229
v 0.772222 11.808267 2.566367
v 0.779473 11.811108 2.558763
v 0.774687 11.821873 2.558547
v 0.269296 12.012826 2.148122
v 0.263901 12.006003 2.140480
v 0.256640 12.002693 2.147879
v 0.261871 12.009671 2.155797
v 0.505103 12.051094 2.046321
v 0.504260 12.045132 2.036430
v 0.493392 12.044887 2.036978
v 0.493987 12.051086 2.046988
v 0.748626 12.010098 2.126616
v 0.752701 12.003426 2.118072
v 0.744591 12.006253 2.111389
v 0.740331 12.013231 2.119878
v 0.179340 11.917706 2.372384
v 0.172426 11.908958 2.369267
v 0.173020 11.904380 2.379122
v 0.179954 11.913265 2.382576
v 0.857216 11.913849 2.341971
v 0.863695 11.905315 2.337582
v 0.863088 11.909419 2.327519
v 0.856601 11.918293 2.331778
v 0.385628 11.978491 2.540482
v 0.378338 11.971644 2.545877
v 0.386876 11.968634 2.552768
v 0.393923 11.975355 2.547218
v 0.532206 11.953299 2.590004
v 0.526791 11.945877 2.596617
v 0.538384 11.945889 2.595923
v 0.664346 11.975588 2.531006
v 0.671921 11.968619 2.535820
v 0.679443 11.972023 2.527994
v 0.671772 11.978735 2.523328
v 0.378095 12.089693 2.284833
v 0.370322 12.088781 2.276597
v 0.362808 12.085703 2.284566
v 0.370670 12.086548 2.292513
v 0.515452 12.111528 2.215794
v 0.504106 12.111645 2.216628
v 0.510235 12.111988 2.225831
v 0.656810 12.086792 2.275354
v 0.663900 12.085756 2.266535
v 0.655372 12.089096 2.259789
v 0.648515 12.089928 2.268618
v 0.313528 12.030836 2.413321
v 0.314250 12.026461 2.423798
v 0.322647 12.032467 2.419825
v 0.719791 12.032813 2.396015
v 0.728712 12.026563 2.399099
v 0.728071 12.031196 2.388468
v 0.520784 12.035780 2.400708
v 0.513358 12.032633 2.408388
v 0.521654 12.029501 2.415126
v 0.529079 12.032648 2.407445
v 0.384580 11.484142 2.330134
v 0.378641 11.488682 2.339660
v 0.370286 11.491825 2.332901
v 0.376346 11.487255 2.323447
v 0.339357 11.537691 2.209301
v 0.331460 11.544905 2.212921
v 0.330845 11.549347 2.202727
v 0.338742 11.542131 2.199107
v 0.523772 11.472229 2.349371
v 0.524400 11.476220 2.359914
v 0.513284 11.476210 2.360580
v 0.512655 11.472218 2.350037
v 0.678285 11.542431 2.178751
v 0.686545 11.549662 2.181403
v 0.687160 11.545218 2.191597
v 0.678900 11.537991 2.188944
v 0.655901 11.487498 2.306686
v 0.663010 11.492083 2.315352
v 0.655560 11.488910 2.323083
v 0.648530 11.484374 2.314311
v 0.361743 11.592726 2.081409
v 0.354995 11.602480 2.078969
v 0.362445 11.605650 2.071236
v 0.369114 11.595849 2.073785
v 0.493870 11.607891 2.038679
v 0.493605 11.618341 2.034407
v 0.504721 11.618349 2.033739
v 0.504986 11.607901 2.038013
v 0.633064 11.596077 2.057961
v 0.639365 11.605874 2.054660
v 0.647719 11.602734 2.061420
v 0.641299 11.592969 2.064651
v 0.384298 11.461337 2.320025
v 0.384309 11.471471 2.324642
v 0.376014 11.474611 2.317908
v 0.376002 11.464474 2.313291
v 0.339047 11.514793 2.199169
v 0.338996 11.525138 2.203691
v 0.338428 11.529663 2.193691
v 0.338433 11.519237 2.188970
v 0.523419 11.449344 2.339193
v 0.523307 11.459599 2.343935
v 0.512341 11.459744 2.344622
v 0.512294 11.449338 2.339864
v 0.677882 11.519535 2.168623
v 0.678012 11.529758 2.173409
v 0.678587 11.525519 2.183531
v 0.678497 11.515086 2.178818
v 0.655520 11.464718 2.296522
v 0.655591 11.474852 2.301144
v 0.648166 11.471704 2.308824
v 0.648086 11.461565 2.304211
v 0.361406 11.569880 2.071394
v 0.361415 11.580042 2.075950
v 0.368841 11.583188 2.068272
v 0.368841 11.573029 2.063704
v 0.493512 11.584970 2.028592
v 0.493701 11.595292 2.033160
v 0.504673 11.595430 2.032598
v 0.504637 11.584982 2.027925
v 0.632628 11.573259 2.047896
v 0.632699 11.583418 2.052455
v 0.640994 11.580286 2.059190
v 0.640925 11.570124 2.054633
v 0.462333 8.090914 0.710851
v 0.453963 8.094110 0.704026
v 0.461835 8.086967 0.700470
v 0.435415 8.133747 0.594273
v 0.436012 8.129298 0.604484
v 0.428005 8.136239 0.608207
v 0.427388 8.140696 0.598035
v 0.572467 8.133864 0.586058
v 0.573082 8.129422 0.596251
v 0.561966 8.129413 0.596919
v 0.561351 8.133855 0.586725
v 0.580355 8.082956 0.722283
v 0.569255 8.082900 0.722926
v 0.568919 8.079098 0.712388
v 0.580048 8.079123 0.711684
v 0.706187 8.141217 0.581454
v 0.706800 8.136758 0.591615
v 0.698728 8.129530 0.588733
v 0.698086 8.133977 0.578526
v 0.684815 8.087206 0.686990
v 0.692530 8.094514 0.689880
v 0.685013 8.091192 0.697549
v 0.449587 8.176081 0.495961
v 0.441649 8.183083 0.499878
v 0.449126 8.186422 0.492183
v 0.565516 8.184074 0.470824
v 0.554380 8.184079 0.471458
v 0.553813 8.194513 0.467372
v 0.564924 8.194551 0.466713
v 0.672396 8.176223 0.482716
v 0.671831 8.186708 0.478868
v 0.680211 8.183573 0.485680
v 0.252609 11.679672 -2.370970
v 0.243560 11.686250 -2.367307
v 0.237523 11.682802 -2.376255
v 0.246598 11.676275 -2.379870
v 0.411268 11.715761 -2.270319
v 0.409031 11.723953 -2.262166
v 0.397983 11.723244 -2.264588
v 0.400283 11.715086 -2.272724
v 0.598991 11.697886 -2.302657
v 0.604942 11.705353 -2.295777
v 0.595355 11.707783 -2.290246
v 0.589468 11.700335 -2.297160
v 0.322777 11.549412 -2.692040
v 0.317048 11.550339 -2.702279
v 0.326633 11.547853 -2.707789
v 0.332301 11.546961 -2.697536
v 0.510500 11.531536 -2.724379
v 0.512958 11.531740 -2.735886
v 0.524005 11.532395 -2.733446
v 0.521486 11.532209 -2.721972
v 0.669159 11.567619 -2.623725
v 0.678429 11.569443 -2.630747
v 0.684465 11.572840 -2.621779
v 0.675170 11.571022 -2.614828
v 0.215955 11.610773 -2.545651
v 0.205459 11.614337 -2.549605
v 0.207968 11.610150 -2.559833
v 0.218439 11.606636 -2.555832
v 0.705814 11.636534 -2.449049
v 0.716531 11.641364 -2.448453
v 0.714021 11.645498 -2.438206
v 0.703330 11.640671 -2.438869
v 0.198303 11.744985 -2.373432
v 0.203059 11.734426 -2.372447
v 0.209054 11.737627 -2.363785
v 0.204244 11.748345 -2.364634
v 0.388827 11.792613 -2.241836
v 0.389993 11.781146 -2.243349
v 0.400757 11.781657 -2.241091
v 0.399686 11.793276 -2.239457
v 0.622423 11.773993 -2.273006
v 0.619172 11.762873 -2.273947
v 0.628397 11.760344 -2.279396
v 0.631838 11.771571 -2.278440
v 0.302287 11.585075 -2.766396
v 0.305047 11.577539 -2.757992
v 0.295816 11.579884 -2.752467
v 0.292872 11.587496 -2.760962
v 0.535882 11.566462 -2.797568
v 0.534225 11.559269 -2.788591
v 0.523457 11.558573 -2.790774
v 0.525024 11.565796 -2.799947
v 0.726406 11.614086 -2.665970
v 0.721159 11.605989 -2.659494
v 0.715159 11.602600 -2.668081
v 0.720464 11.610722 -2.674769
v 0.162456 11.659022 -2.590709
v 0.167872 11.650091 -2.585617
v 0.165586 11.654045 -2.575600
v 0.160000 11.663112 -2.580646
v 0.762253 11.700047 -2.448693
v 0.756345 11.690322 -2.446324
v 0.758626 11.686180 -2.456264
v 0.764708 11.695959 -2.458755
v 0.174210 11.837753 -2.392619
v 0.177467 11.826908 -2.390188
v 0.183439 11.829727 -2.381688
v 0.180152 11.841117 -2.383822
v 0.384216 11.890053 -2.248062
v 0.385189 11.878524 -2.247483
v 0.395728 11.878697 -2.245302
v 0.395075 11.890720 -2.245683
v 0.641320 11.869398 -2.282772
v 0.639283 11.858024 -2.282018
v 0.648211 11.855230 -2.287346
v 0.650735 11.866977 -2.288206
v 0.287916 11.661658 -2.825420
v 0.289420 11.652820 -2.818089
v 0.280474 11.654878 -2.812468
v 0.278501 11.664080 -2.819985
v 0.545020 11.641006 -2.860134
v 0.543515 11.632313 -2.852626
v 0.532957 11.631414 -2.854517
v 0.534161 11.640341 -2.862514
v 0.755024 11.693302 -2.715576
v 0.751236 11.683929 -2.709919
v 0.745244 11.680381 -2.718127
v 0.749083 11.689937 -2.724372
v 0.134320 11.743152 -2.631765
v 0.137797 11.733419 -2.626538
v 0.135699 11.737020 -2.616613
v 0.131865 11.747242 -2.621704
v 0.794914 11.787911 -2.476429
v 0.790905 11.777427 -2.473569
v 0.792985 11.773096 -2.483203
v 0.797369 11.783822 -2.486491
v 0.134675 11.971781 -2.417145
v 0.134399 11.961447 -2.413017
v 0.140340 11.964821 -2.404214
v 0.140616 11.975145 -2.408347
v 0.376297 12.031660 -2.251557
v 0.376019 12.021331 -2.247424
v 0.386882 12.022003 -2.245041
v 0.387155 12.032328 -2.249178
v 0.671552 12.007699 -2.292010
v 0.671275 11.997375 -2.287876
v 0.680698 11.994960 -2.293310
v 0.680966 12.005283 -2.297446
v 0.264159 11.769409 -2.914597
v 0.263892 11.759077 -2.910470
v 0.254469 11.761503 -2.905038
v 0.254744 11.771827 -2.909163
v 0.559414 11.745456 -2.955058
v 0.559148 11.735125 -2.950924
v 0.548285 11.734459 -2.953312
v 0.548555 11.744790 -2.957436
v 0.801033 11.805328 -2.789465
v 0.800765 11.795000 -2.785330
v 0.794824 11.791644 -2.794138
v 0.795091 11.801968 -2.798264
v 0.088225 11.863153 -2.691782
v 0.087954 11.852823 -2.687656
v 0.085492 11.856920 -2.677592
v 0.085770 11.867246 -2.681720
v 0.847482 11.913961 -2.514823
v 0.847209 11.903627 -2.510687
v 0.849671 11.899544 -2.520755
v 0.849937 11.909870 -2.524887
v 0.180931 12.068712 -2.485434
v 0.175154 12.061502 -2.478453
v 0.180952 12.064550 -2.469760
v 0.186873 12.072077 -2.476634
v 0.390465 12.120892 -2.341193
v 0.389001 12.114626 -2.331563
v 0.399604 12.115042 -2.329144
v 0.401323 12.121557 -2.338814
v 0.646997 12.100289 -2.375813
v 0.650570 12.093515 -2.367128
v 0.659763 12.090914 -2.372341
v 0.656412 12.097863 -2.381246
v 0.294401 11.893006 -2.917262
v 0.290368 11.882285 -2.918949
v 0.281163 11.884411 -2.913546
v 0.284987 11.895419 -2.911827
v 0.550935 11.872404 -2.951891
v 0.551938 11.861172 -2.954521
v 0.541322 11.860283 -2.956750
v 0.540076 11.871740 -2.954271
v 0.760465 11.924583 -2.807649
v 0.765781 11.914296 -2.807632
v 0.759970 11.910774 -2.816131
v 0.754523 11.921221 -2.816447
v 0.141141 11.974318 -2.724045
v 0.134299 11.965263 -2.721753
v 0.131893 11.969018 -2.711826
v 0.138685 11.978408 -2.713984
v 0.800254 12.018979 -2.569028
v 0.806635 12.010540 -2.564324
v 0.809029 12.006305 -2.574061
v 0.802710 12.014891 -2.579092
v 0.304185 12.156107 -2.602079
v 0.295063 12.154331 -2.595541
v 0.301213 12.157913 -2.586666
v 0.310127 12.159468 -2.593280
v 0.429947 12.187988 -2.514102
v 0.422258 12.186852 -2.505873
v 0.433583 12.187548 -2.503392
v 0.574285 12.175669 -2.535400
v 0.579589 12.174905 -2.525380
v 0.589162 12.172571 -2.531066
v 0.583699 12.173248 -2.540832
v 0.373339 12.054204 -2.852304
v 0.367825 12.046991 -2.859133
v 0.358261 12.049656 -2.853578
v 0.363925 12.056628 -2.846872
v 0.525158 12.035044 -2.878647
v 0.514050 12.034560 -2.881063
v 0.517678 12.041885 -2.873608
v 0.643436 12.073765 -2.785629
v 0.652349 12.067560 -2.788976
v 0.646207 12.064314 -2.797984
v 0.637494 12.070404 -2.794429
v 0.272517 12.096397 -2.741865
v 0.270101 12.100744 -2.731632
v 0.279839 12.103040 -2.736352
v 0.667782 12.126833 -2.651352
v 0.674894 12.125499 -2.642646
v 0.677455 12.121233 -2.653141
v 0.475547 12.112041 -2.700969
v 0.466133 12.114463 -2.695537
v 0.472074 12.117827 -2.686738
v 0.481489 12.115406 -2.692173
v 0.300899 11.659906 -2.396160
v 0.293305 11.669192 -2.394503
v 0.287313 11.665815 -2.403339
v 0.295000 11.656570 -2.404894
v 0.293626 11.608215 -2.525729
v 0.285927 11.615040 -2.530382
v 0.288383 11.610950 -2.540446
v 0.296081 11.604124 -2.535791
v 0.428618 11.679132 -2.339553
v 0.427026 11.689411 -2.335163
v 0.416167 11.688745 -2.337543
v 0.417759 11.678465 -2.341932
v 0.627758 11.624470 -2.463122
v 0.635842 11.632265 -2.464318
v 0.633386 11.636354 -2.454254
v 0.625303 11.628561 -2.453061
v 0.568079 11.673319 -2.345062
v 0.573255 11.683355 -2.340689
v 0.563800 11.685792 -2.335209
v 0.558733 11.675723 -2.339668
v 0.353308 11.559469 -2.643832
v 0.348514 11.563946 -2.654010
v 0.357969 11.561505 -2.659489
v 0.362654 11.557064 -2.649225
v 0.492766 11.553550 -2.649298
v 0.494743 11.557889 -2.659536
v 0.505602 11.558552 -2.657156
v 0.503624 11.554216 -2.646919
v 0.620488 11.572878 -2.592731
v 0.628464 11.578102 -2.600191
v 0.634455 11.581484 -2.591359
v 0.626386 11.576219 -2.583998
v 0.300623 11.636708 -2.386990
v 0.300604 11.647093 -2.391011
v 0.294663 11.643736 -2.399811
v 0.294680 11.633348 -2.395788
v 0.293320 11.584932 -2.516518
v 0.293288 11.595392 -2.520766
v 0.295750 11.591501 -2.530744
v 0.295778 11.580839 -2.526585
v 0.428284 11.655821 -2.330391
v 0.428128 11.666367 -2.334445
v 0.417427 11.665840 -2.336881
v 0.417416 11.655160 -2.332773
v 0.627362 11.601181 -2.453932
v 0.627424 11.611761 -2.457873
v 0.624970 11.615938 -2.448010
v 0.624905 11.605267 -2.443864
v 0.567725 11.650089 -2.335972
v 0.567763 11.660482 -2.339974
v 0.558348 11.662904 -2.334540
v 0.558299 11.652512 -2.330531
v 0.352952 11.536302 -2.634585
v 0.352950 11.546663 -2.638666
v 0.362365 11.544243 -2.644098
v 0.362379 11.533875 -2.640023
v 0.492399 11.530277 -2.640053
v 0.492585 11.540779 -2.644192
v 0.503293 11.541594 -2.641870
v 0.503267 11.530945 -2.637673
v 0.620053 11.549685 -2.583562
v 0.620108 11.560053 -2.587624
v 0.626051 11.563416 -2.578829
v 0.625996 11.553047 -2.574764
v 0.403972 8.139389 -1.078033
v 0.397987 8.136002 -1.086954
v 0.405654 8.129269 -1.082315
v 0.412047 8.084990 -1.192599
v 0.409569 8.089085 -1.182524
v 0.401707 8.095778 -1.186944
v 0.404158 8.091715 -1.197003
v 0.545923 8.093201 -1.163263
v 0.543467 8.097290 -1.153200
v 0.532608 8.096624 -1.155579
v 0.535064 8.092535 -1.165642
v 0.513727 8.153774 -1.034790
v 0.502885 8.153062 -1.037148
v 0.504779 8.142948 -1.041593
v 0.515660 8.143600 -1.039247
v 0.676495 8.108708 -1.137439
v 0.674043 8.112762 -1.127386
v 0.666198 8.104826 -1.126298
v 0.668632 8.100729 -1.136380
v 0.623501 8.142581 -1.034696
v 0.631009 8.150543 -1.035926
v 0.621489 8.152824 -1.030401
v 0.455008 8.047230 -1.284178
v 0.447171 8.054110 -1.288495
v 0.456661 8.051819 -1.294059
v 0.573684 8.046968 -1.277018
v 0.562815 8.046288 -1.279434
v 0.564454 8.050714 -1.289613
v 0.575309 8.051405 -1.287249
v 0.672620 8.060621 -1.236379
v 0.674207 8.065252 -1.246434
v 0.680211 8.068675 -1.237564
vt 0.070354 0.107639
vt 0.071287 0.104574
vt 0.795458 0.303710
vt 0.795898 0.302019
vt 0.876564 0.303460
vt 0.124103 0.104588
vt 0.123734 0.107611
vt 0.876529 0.305188
vt 0.792472 0.304594
vt 0.794511 0.356000
vt 0.734261 0.301848
vt 0.791597 0.356343
vt 0.879714 0.305245
vt 0.084772 0.680640
vt 0.482726 0.523494
vt 0.083300 0.680224
vt 0.479560 0.524422
vt 0.082981 0.609020
vt 0.084482 0.609061
vt 0.084470 0.606237
vt 0.478174 0.445737
vt 0.481285 0.445513
vt 0.394194 0.525908
vt 0.070747 0.193641
vt 0.070733 0.190400
vt 0.390838 0.525968
vt 0.389438 0.447319
vt 0.392793 0.447259
vt 0.123924 0.190400
vt 0.879733 0.303517
vt 0.959835 0.304934
vt 0.960202 0.306635
vt 0.878784 0.357502
vt 0.065080 0.298044
vt 0.063041 0.296259
vt 0.112354 0.296781
vt 0.875598 0.357446
vt 0.113182 0.298477
vt 0.062918 0.300269
vt 0.082968 0.606210
vt 0.791551 0.523641
vt 0.069578 0.302603
vt 0.067421 0.304708
vt 0.060923 0.298322
vt 0.082636 0.535026
vt 0.062593 0.348066
vt 0.060697 0.347399
vt 0.062614 0.351436
vt 0.067224 0.350355
vt 0.475420 0.292843
vt 0.478633 0.293809
vt 0.479589 0.348280
vt 0.476430 0.347885
vt 0.475157 0.291203
vt 0.736394 0.303963
vt 0.067243 0.353730
vt 0.060681 0.350398
vt 0.062374 0.400182
vt 0.390068 0.294382
vt 0.060446 0.400244
vt 0.061931 0.503988
vt 0.059942 0.505996
vt 0.060282 0.435066
vt 0.123932 0.193642
vt 0.293990 0.104574
vt 0.294940 0.107627
vt 0.241543 0.107611
vt 0.241143 0.104623
vt 0.294544 0.190400
vt 0.062203 0.434536
vt 0.064210 0.506137
vt 0.066551 0.499422
vt 0.294530 0.193641
vt 0.068704 0.501568
vt 0.062057 0.508103
vt 0.112620 0.505959
vt 0.111771 0.507799
vt 0.116013 0.505903
vt 0.114908 0.501308
vt 0.118305 0.501256
vt 0.114792 0.507783
vt 0.164794 0.505633
vt 0.164675 0.507486
vt 0.266862 0.505001
vt 0.268632 0.506873
vt 0.220110 0.507155
vt 0.219526 0.505336
vt 0.268955 0.502742
vt 0.262432 0.500511
vt 0.264527 0.498372
vt 0.270682 0.504776
vt 0.268823 0.434477
vt 0.270439 0.435000
vt 0.268793 0.431367
vt 0.263942 0.433036
vt 0.264092 0.429929
vt 0.270431 0.432033
vt 0.268710 0.403641
vt 0.270337 0.403699
vt 0.268341 0.302261
vt 0.270004 0.300460
vt 0.270153 0.348752
vt 0.268554 0.349381
vt 0.266134 0.300144
vt 0.263933 0.306622
vt 0.261843 0.304507
vt 0.267956 0.298387
vt 0.219244 0.299563
vt 0.219823 0.297898
vt 0.731112 0.308936
vt 0.728887 0.306729
vt 0.737293 0.507666
vt 0.735160 0.509818
vt 0.729694 0.504041
vt 0.731920 0.501799
vt 0.530525 0.509818
vt 0.528392 0.507667
vt 0.533766 0.501797
vt 0.535991 0.504042
vt 0.529291 0.303963
vt 0.531424 0.301848
vt 0.536799 0.306730
vt 0.534572 0.308936
vt 0.736617 0.351993
vt 0.736622 0.355063
vt 0.731317 0.357357
vt 0.731304 0.354166
vt 0.686591 0.509830
vt 0.683493 0.509821
vt 0.680764 0.504044
vt 0.683982 0.504044
vt 0.528688 0.438108
vt 0.528709 0.435062
vt 0.534051 0.433016
vt 0.534038 0.436181
vt 0.579566 0.301839
vt 0.582637 0.301846
vt 0.585321 0.306727
vt 0.582129 0.306727
vt 0.537520 0.307375
vt 0.582469 0.307375
vt 0.535276 0.309614
vt 0.543575 0.312902
vt 0.541248 0.315227
vt 0.535085 0.354454
vt 0.534381 0.354166
vt 0.730414 0.309606
vt 0.730600 0.354454
vt 0.728155 0.307379
vt 0.724433 0.315206
vt 0.722089 0.312898
vt 0.683216 0.307375
vt 0.788586 0.522665
vt 0.683555 0.306727
vt 0.542643 0.316655
vt 0.545079 0.314239
vt 0.554733 0.323646
vt 0.552353 0.326001
vt 0.542449 0.356956
vt 0.541086 0.356908
vt 0.789918 0.448664
vt 0.084110 0.534690
vt 0.390132 0.292729
vt 0.241346 0.193642
vt 0.130776 0.606239
vt 0.130782 0.609061
vt 0.280483 0.680237
vt 0.585334 0.312892
vt 0.278993 0.680630
vt 0.279298 0.609061
vt 0.585464 0.314201
vt 0.588805 0.314201
vt 0.587690 0.323711
vt 0.583990 0.323711
vt 0.588763 0.312898
vt 0.585682 0.307375
vt 0.631155 0.312892
vt 0.631172 0.314201
vt 0.728960 0.503279
vt 0.683636 0.503278
vt 0.731204 0.501001
vt 0.722842 0.496747
vt 0.725133 0.494396
vt 0.730939 0.435926
vt 0.731647 0.436181
vt 0.720606 0.314239
vt 0.723042 0.316655
vt 0.241353 0.190400
vt 0.238289 0.107611
vt 0.238110 0.190400
vt 0.237763 0.104588
vt 0.184307 0.107653
vt 0.184305 0.104588
vt 0.241167 0.275209
vt 0.237930 0.275227
vt 0.215931 0.299564
vt 0.238103 0.193642
vt 0.217028 0.304071
vt 0.184260 0.193642
vt 0.213708 0.304071
vt 0.216877 0.297864
vt 0.184260 0.190400
vt 0.167921 0.299059
vt 0.167796 0.297355
vt 0.253598 0.316492
vt 0.264071 0.351571
vt 0.253703 0.356965
vt 0.251747 0.314594
vt 0.251599 0.318183
vt 0.249736 0.316300
vt 0.211370 0.314234
vt 0.079359 0.313028
vt 0.115421 0.303059
vt 0.120547 0.313406
vt 0.077429 0.314891
vt 0.080215 0.314780
vt 0.078299 0.316654
vt 0.077265 0.355942
vt 0.208657 0.314211
vt 0.210056 0.315944
vt 0.207388 0.315920
vt 0.167482 0.313834
vt 0.167918 0.303597
vt 0.252184 0.490375
vt 0.217288 0.500756
vt 0.211556 0.490562
vt 0.254066 0.488486
vt 0.250104 0.489222
vt 0.280799 0.609020
vt 0.279311 0.606237
vt 0.232998 0.609061
vt 0.233004 0.606239
vt 0.280811 0.606210
vt 0.279669 0.534690
vt 0.792854 0.448931
vt 0.875798 0.525126
vt 0.872610 0.525069
vt 0.873942 0.450376
vt 0.877128 0.450433
vt 0.713329 0.326001
vt 0.794454 0.359187
vt 0.875541 0.360632
vt 0.711026 0.323711
vt 0.680221 0.314201
vt 0.680320 0.312898
vt 0.724605 0.356878
vt 0.723236 0.356956
vt 0.723249 0.360297
vt 0.713445 0.358965
vt 0.713432 0.355268
vt 0.724612 0.360305
vt 0.730613 0.357666
vt 0.724784 0.402772
vt 0.723411 0.402475
vt 0.534474 0.501012
vt 0.534746 0.435926
vt 0.536735 0.503272
vt 0.540559 0.494432
vt 0.542874 0.496754
vt 0.386715 0.294442
vt 0.391049 0.349407
vt 0.387694 0.349467
vt 0.386792 0.292789
vt 0.582048 0.503278
vt 0.251902 0.487257
vt 0.301964 0.295905
vt 0.302373 0.294279
vt 0.253274 0.433248
vt 0.478114 0.442382
vt 0.392733 0.443904
vt 0.481261 0.442085
vt 0.477500 0.410345
vt 0.253559 0.428113
vt 0.248602 0.441969
vt 0.248600 0.436841
vt 0.253829 0.403556
vt 0.264213 0.403631
vt 0.076719 0.489262
vt 0.066536 0.433272
vt 0.076441 0.431137
vt 0.078622 0.491185
vt 0.077476 0.488159
vt 0.079454 0.490001
vt 0.120114 0.490987
vt 0.122881 0.490973
vt 0.120279 0.489815
vt 0.123001 0.489802
vt 0.164624 0.490780
vt 0.164797 0.501023
vt 0.077255 0.358695
vt 0.078135 0.356987
vt 0.078124 0.359694
vt 0.077084 0.400417
vt 0.067014 0.400193
vt 0.164943 0.299029
vt 0.164940 0.303568
vt 0.164828 0.297325
vt 0.116568 0.298546
vt 0.791505 0.359652
vt 0.793553 0.412050
vt 0.790572 0.411998
vt 0.115347 0.296810
vt 0.118805 0.303132
vt 0.959208 0.358927
vt 0.581703 0.504044
vt 0.723651 0.491996
vt 0.721670 0.494964
vt 0.711512 0.479365
vt 0.713849 0.477048
vt 0.723533 0.434206
vt 0.724899 0.433750
vt 0.680759 0.496764
vt 0.680562 0.495102
vt 0.677197 0.495102
vt 0.678376 0.479367
vt 0.681997 0.479367
vt 0.677267 0.496749
vt 0.680396 0.503278
vt 0.634574 0.496764
vt 0.634525 0.495102
vt 0.544015 0.494964
vt 0.542034 0.491996
vt 0.551838 0.477048
vt 0.554172 0.479367
vt 0.585122 0.495102
vt 0.584993 0.496749
vt 0.540779 0.433781
vt 0.542152 0.434206
vt 0.542165 0.430706
vt 0.551976 0.436013
vt 0.551963 0.439889
vt 0.540799 0.430382
vt 0.534759 0.432739
vt 0.540887 0.406159
vt 0.542261 0.405863
vt 0.534368 0.357357
vt 0.529054 0.355021
vt 0.529076 0.351957
vt 0.535071 0.357666
vt 0.541066 0.360331
vt 0.534881 0.403343
vt 0.534175 0.403407
vt 0.584921 0.504044
vt 0.582148 0.509830
vt 0.579058 0.509821
vt 0.585288 0.503278
vt 0.588471 0.496764
vt 0.631259 0.503278
vt 0.631270 0.504044
vt 0.731634 0.433016
vt 0.736984 0.435104
vt 0.736989 0.438144
vt 0.730925 0.432739
vt 0.724892 0.430357
vt 0.730816 0.406496
vt 0.731523 0.406538
vt 0.680364 0.306727
vt 0.683091 0.301839
vt 0.686154 0.301846
vt 0.680003 0.307375
vt 0.676897 0.312892
vt 0.634412 0.307375
vt 0.634402 0.306727
vt 0.634374 0.509821
vt 0.631311 0.509821
vt 0.634415 0.504044
vt 0.634425 0.503278
vt 0.631169 0.496749
vt 0.631160 0.495102
vt 0.631032 0.479367
vt 0.634652 0.479367
vt 0.588488 0.495102
vt 0.583762 0.479308
vt 0.959169 0.362118
vt 0.281144 0.535026
vt 0.164753 0.313810
vt 0.181012 0.107611
vt 0.587308 0.479367
vt 0.634513 0.314201
vt 0.166877 0.315557
vt 0.164191 0.315533
vt 0.123292 0.313434
vt 0.123406 0.315167
vt 0.120702 0.315143
vt 0.167372 0.490767
vt 0.164061 0.489614
vt 0.166764 0.489602
vt 0.167798 0.501007
vt 0.208829 0.490573
vt 0.634561 0.323787
vt 0.878727 0.360688
vt 0.630993 0.323711
vt 0.213932 0.500735
vt 0.634502 0.312898
vt 0.631272 0.307375
vt 0.676880 0.314201
vt 0.681574 0.323787
vt 0.677995 0.323711
vt 0.631283 0.306727
vt 0.167795 0.505616
vt 0.958221 0.415026
vt 0.133764 0.680654
vt 0.130950 0.680654
vt 0.480696 0.410370
vt 0.207546 0.489416
vt 0.181017 0.190400
vt 0.631325 0.301846
vt 0.634360 0.301846
vt 0.736838 0.403851
vt 0.736851 0.406899
vt 0.731510 0.403407
vt 0.730803 0.403343
vt 0.180972 0.104588
vt 0.126988 0.107611
vt 0.210231 0.489404
vt 0.216168 0.505322
vt 0.167667 0.507468
vt 0.217144 0.507174
vt 0.268701 0.400671
vt 0.264203 0.400661
vt 0.133605 0.609061
vt 0.724791 0.406132
vt 0.270327 0.400740
vt 0.723424 0.405863
vt 0.713597 0.403334
vt 0.713584 0.399585
vt 0.723519 0.430706
vt 0.713643 0.439795
vt 0.713709 0.436013
vt 0.542274 0.402474
vt 0.304748 0.448833
vt 0.268532 0.352699
vt 0.270165 0.351699
vt 0.264042 0.354907
vt 0.253820 0.400833
vt 0.251694 0.403812
vt 0.251816 0.401137
vt 0.956282 0.526605
vt 0.552179 0.399696
vt 0.552088 0.403334
vt 0.540907 0.402799
vt 0.534868 0.406496
vt 0.127460 0.104623
vt 0.542436 0.360297
vt 0.127167 0.190400
vt 0.253707 0.359678
vt 0.251710 0.360648
vt 0.251703 0.357978
vt 0.077074 0.403179
vt 0.077958 0.400732
vt 0.077797 0.403444
vt 0.130600 0.534745
vt 0.133438 0.534730
vt 0.133599 0.606239
vt 0.552331 0.355387
vt 0.180478 0.606239
vt 0.067001 0.403210
vt 0.076460 0.428076
vt 0.066570 0.430098
vt 0.062360 0.403200
vt 0.074305 0.433833
vt 0.074193 0.437037
vt 0.062237 0.431360
vt 0.181017 0.193642
vt 0.957561 0.451869
vt 0.552240 0.358965
vt 0.534162 0.406538
vt 0.528834 0.406899
vt 0.528847 0.403851
vt 0.710473 0.358800
vt 0.710740 0.399579
vt 0.710593 0.355224
vt 0.681785 0.358668
vt 0.681778 0.355224
vt 0.304677 0.445476
vt 0.060432 0.403251
vt 0.060295 0.432069
vt 0.114272 0.309917
vt 0.114339 0.310380
vt 0.117000 0.310405
vt 0.116943 0.309942
vt 0.242844 0.362601
vt 0.241909 0.363010
vt 0.877784 0.413593
vt 0.710366 0.326642
vt 0.678333 0.358668
vt 0.681876 0.402253
vt 0.874598 0.413536
vt 0.793454 0.415277
vt 0.241933 0.365453
vt 0.242849 0.364974
vt 0.251521 0.318276
vt 0.249640 0.316374
vt 0.079853 0.314852
vt 0.389378 0.443964
vt 0.678418 0.402421
vt 0.678327 0.355224
vt 0.634568 0.358668
vt 0.634568 0.355224
vt 0.678139 0.326642
vt 0.681850 0.326642
vt 0.634698 0.326642
vt 0.555319 0.326642
vt 0.555224 0.355092
vt 0.583966 0.326509
vt 0.587545 0.326641
vt 0.630987 0.326641
vt 0.587358 0.355224
vt 0.583907 0.355224
vt 0.583900 0.358668
vt 0.587351 0.358668
vt 0.587267 0.402421
vt 0.583809 0.402253
vt 0.555212 0.358800
vt 0.631117 0.355224
vt 0.631117 0.358668
vt 0.555078 0.399458
vt 0.678481 0.476193
vt 0.634577 0.476274
vt 0.682030 0.476274
vt 0.678480 0.434296
vt 0.681943 0.434647
vt 0.710913 0.476193
vt 0.681936 0.431121
vt 0.678473 0.430830
vt 0.678425 0.405878
vt 0.681883 0.405725
vt 0.874541 0.416722
vt 0.790513 0.415262
vt 0.184255 0.275222
vt 0.388806 0.411882
vt 0.077918 0.316745
vt 0.209892 0.316018
vt 0.207221 0.315994
vt 0.392161 0.411822
vt 0.477483 0.406946
vt 0.250009 0.489596
vt 0.251824 0.487611
vt 0.248518 0.442249
vt 0.248517 0.437114
vt 0.181022 0.275222
vt 0.127174 0.193642
vt 0.077091 0.488521
vt 0.079089 0.490381
vt 0.119984 0.490193
vt 0.122710 0.490181
vt 0.127347 0.275227
vt 0.124114 0.275215
vt 0.071059 0.275271
vt 0.077753 0.357147
vt 0.077742 0.359858
vt 0.166651 0.315630
vt 0.163962 0.315606
vt 0.123117 0.315240
vt 0.120410 0.315216
vt 0.163830 0.489992
vt 0.166537 0.489980
vt 0.207378 0.489792
vt 0.210067 0.489779
vt 0.251616 0.404038
vt 0.251738 0.401359
vt 0.336660 0.106414
vt 0.368877 0.106417
vt 0.369196 0.107113
vt 0.337409 0.107117
vt 0.335286 0.107787
vt 0.326635 0.100267
vt 0.328192 0.098700
vt 0.336020 0.108514
vt 0.336087 0.140358
vt 0.335376 0.140052
vt 0.346052 0.115588
vt 0.344717 0.116929
vt 0.327816 0.098357
vt 0.364229 0.098357
vt 0.364427 0.098700
vt 0.326250 0.099932
vt 0.315100 0.090177
vt 0.316852 0.088414
vt 0.326746 0.136550
vt 0.326363 0.136395
vt 0.335655 0.242955
vt 0.335533 0.197202
vt 0.336255 0.196984
vt 0.336382 0.242182
vt 0.337021 0.244321
vt 0.328660 0.253803
vt 0.327102 0.252255
vt 0.337771 0.243564
vt 0.369405 0.243583
vt 0.369071 0.244319
vt 0.344993 0.233401
vt 0.346327 0.234730
vt 0.326723 0.252669
vt 0.326563 0.200994
vt 0.326944 0.200833
vt 0.328288 0.254224
vt 0.317468 0.266425
vt 0.315716 0.264685
vt 0.364672 0.253803
vt 0.364477 0.254224
vt 0.471838 0.244322
vt 0.439796 0.244319
vt 0.439481 0.243568
vt 0.471096 0.243564
vt 0.473211 0.242964
vt 0.481765 0.252255
vt 0.480207 0.253803
vt 0.472486 0.242182
vt 0.472627 0.196963
vt 0.473335 0.197202
vt 0.462540 0.234730
vt 0.463875 0.233401
vt 0.480579 0.254224
vt 0.444390 0.254224
vt 0.444195 0.253803
vt 0.482145 0.252669
vt 0.493151 0.264685
vt 0.491399 0.266425
vt 0.481923 0.200833
vt 0.482305 0.200994
vt 0.473582 0.107796
vt 0.473491 0.140052
vt 0.472765 0.140339
vt 0.472847 0.108514
vt 0.472216 0.106415
vt 0.480675 0.098700
vt 0.482233 0.100267
vt 0.471458 0.107117
vt 0.439653 0.107099
vt 0.439990 0.106417
vt 0.464150 0.116929
vt 0.462815 0.115588
vt 0.482617 0.099932
vt 0.482504 0.136395
vt 0.482121 0.136550
vt 0.481052 0.098357
vt 0.492015 0.088414
vt 0.493767 0.090177
vt 0.444440 0.098700
vt 0.444638 0.098357
vt 0.335382 0.142016
vt 0.326753 0.138760
vt 0.336107 0.142392
vt 0.336194 0.174525
vt 0.335467 0.174552
vt 0.344782 0.144508
vt 0.344786 0.146448
vt 0.318419 0.089942
vt 0.359073 0.089890
vt 0.358496 0.088421
vt 0.316624 0.091849
vt 0.320589 0.095741
vt 0.322398 0.093920
vt 0.315256 0.131881
vt 0.316679 0.132498
vt 0.326370 0.138615
vt 0.315263 0.134420
vt 0.316719 0.135354
vt 0.320762 0.137330
vt 0.320724 0.134480
vt 0.315412 0.176469
vt 0.316851 0.176502
vt 0.371024 0.244319
vt 0.366868 0.253803
vt 0.371429 0.243568
vt 0.403436 0.243568
vt 0.403432 0.244323
vt 0.373749 0.234731
vt 0.375680 0.234731
vt 0.317186 0.263178
vt 0.316942 0.205329
vt 0.315516 0.205666
vt 0.319081 0.264960
vt 0.322940 0.261030
vt 0.321131 0.259233
vt 0.358816 0.266414
vt 0.359388 0.265045
vt 0.366684 0.254224
vt 0.361338 0.266418
vt 0.362225 0.265015
vt 0.364201 0.260995
vt 0.361368 0.261024
vt 0.403174 0.266417
vt 0.403169 0.265026
vt 0.473340 0.195247
vt 0.481930 0.198635
vt 0.472618 0.194970
vt 0.472668 0.176526
vt 0.473395 0.176562
vt 0.463969 0.194111
vt 0.463973 0.192206
vt 0.489853 0.264993
vt 0.449480 0.265043
vt 0.450048 0.266416
vt 0.491648 0.263111
vt 0.487736 0.259233
vt 0.485927 0.261030
vt 0.493351 0.205668
vt 0.491926 0.205329
vt 0.482311 0.198785
vt 0.493362 0.203145
vt 0.491918 0.202682
vt 0.487735 0.201394
vt 0.487590 0.204023
vt 0.493446 0.178996
vt 0.492007 0.179040
vt 0.438026 0.106417
vt 0.442231 0.098700
vt 0.437618 0.107113
vt 0.405437 0.107113
vt 0.405441 0.106413
vt 0.435264 0.115587
vt 0.433324 0.115587
vt 0.492277 0.091782
vt 0.492186 0.132497
vt 0.493612 0.131884
vt 0.490381 0.089975
vt 0.486470 0.093920
vt 0.488278 0.095741
vt 0.450375 0.088422
vt 0.449794 0.089888
vt 0.442418 0.098357
vt 0.447835 0.088419
vt 0.446937 0.089919
vt 0.444934 0.093955
vt 0.447785 0.093927
vt 0.405702 0.088420
vt 0.405707 0.089908
vt 0.486458 0.097525
vt 0.486334 0.135545
vt 0.488148 0.134473
vt 0.484703 0.095741
vt 0.482820 0.097405
vt 0.484571 0.099166
vt 0.446718 0.095741
vt 0.324183 0.095741
vt 0.362151 0.095741
vt 0.361075 0.093922
vt 0.322410 0.097507
vt 0.324297 0.099166
vt 0.326047 0.097405
vt 0.322533 0.135544
vt 0.444171 0.095741
vt 0.443263 0.097405
vt 0.445746 0.097405
vt 0.405705 0.093938
vt 0.405704 0.095741
vt 0.484166 0.259233
vt 0.446443 0.259233
vt 0.447505 0.261029
vt 0.485939 0.257490
vt 0.483947 0.255350
vt 0.482260 0.257149
vt 0.485402 0.206553
vt 0.485721 0.201804
vt 0.481148 0.209187
vt 0.481124 0.213895
vt 0.487985 0.179018
vt 0.486193 0.179018
vt 0.322928 0.257472
vt 0.318210 0.204611
vt 0.320690 0.204201
vt 0.324684 0.259233
vt 0.326486 0.257149
vt 0.324678 0.255470
vt 0.362423 0.259233
vt 0.364954 0.259233
vt 0.365849 0.257149
vt 0.363382 0.257149
vt 0.403171 0.261013
vt 0.403171 0.259233
vt 0.322541 0.138091
vt 0.324422 0.138772
vt 0.324414 0.136290
vt 0.320874 0.176486
vt 0.322666 0.176486
vt 0.461765 0.116611
vt 0.434735 0.116610
vt 0.463098 0.117955
vt 0.454969 0.125814
vt 0.453697 0.124535
vt 0.464086 0.144508
vt 0.463038 0.145009
vt 0.345768 0.117952
vt 0.345830 0.145009
vt 0.347106 0.116612
vt 0.355178 0.124530
vt 0.353904 0.125806
vt 0.373603 0.115587
vt 0.374132 0.116610
vt 0.453712 0.127084
vt 0.446611 0.133969
vt 0.445388 0.132721
vt 0.452396 0.125763
vt 0.454920 0.148884
vt 0.453697 0.149167
vt 0.430333 0.125735
vt 0.430658 0.124525
vt 0.430043 0.132769
vt 0.428103 0.132769
vt 0.428506 0.125735
vt 0.428763 0.124532
vt 0.432802 0.116610
vt 0.405347 0.125735
vt 0.405365 0.124525
vt 0.347368 0.233662
vt 0.374273 0.233663
vt 0.346035 0.232330
vt 0.354099 0.224121
vt 0.355348 0.225388
vt 0.344899 0.194111
vt 0.345943 0.193767
vt 0.356471 0.125763
vt 0.363452 0.132769
vt 0.362257 0.133969
vt 0.355155 0.127084
vt 0.378229 0.124532
vt 0.378535 0.125735
vt 0.355170 0.149167
vt 0.353940 0.148865
vt 0.362282 0.149355
vt 0.362285 0.151294
vt 0.355174 0.150993
vt 0.353952 0.150760
vt 0.345834 0.146941
vt 0.355219 0.173985
vt 0.353990 0.174132
vt 0.462834 0.232333
vt 0.462924 0.193767
vt 0.461496 0.233661
vt 0.453507 0.225396
vt 0.454759 0.224136
vt 0.435119 0.234731
vt 0.434595 0.233663
vt 0.355389 0.222354
vt 0.362388 0.212777
vt 0.363639 0.213934
vt 0.356422 0.223981
vt 0.354032 0.191101
vt 0.355252 0.191202
vt 0.378629 0.224071
vt 0.378291 0.225406
vt 0.378942 0.213934
vt 0.380820 0.213934
vt 0.380449 0.224071
vt 0.380201 0.225388
vt 0.376197 0.233663
vt 0.403524 0.224071
vt 0.403489 0.225406
vt 0.452446 0.223981
vt 0.445228 0.213934
vt 0.446479 0.212777
vt 0.453478 0.222354
vt 0.430534 0.225388
vt 0.430239 0.224071
vt 0.453615 0.191202
vt 0.454843 0.191119
vt 0.446511 0.193530
vt 0.446515 0.191517
vt 0.453619 0.189306
vt 0.454839 0.189259
vt 0.462929 0.191869
vt 0.453645 0.175827
vt 0.454873 0.175991
vt 0.472775 0.142359
vt 0.464081 0.146448
vt 0.463033 0.146941
vt 0.454924 0.150771
vt 0.464015 0.174354
vt 0.462970 0.174330
vt 0.437472 0.243583
vt 0.433187 0.234731
vt 0.432671 0.233663
vt 0.428642 0.225406
vt 0.405377 0.234731
vt 0.405374 0.233663
vt 0.336235 0.195000
vt 0.344894 0.192206
vt 0.345938 0.191869
vt 0.354020 0.189247
vt 0.344857 0.176245
vt 0.345902 0.176214
vt 0.371216 0.107099
vt 0.375544 0.115587
vt 0.376065 0.116610
vt 0.380116 0.124525
vt 0.403486 0.115587
vt 0.403489 0.116610
vt 0.326866 0.175389
vt 0.326484 0.175425
vt 0.403336 0.253803
vt 0.403330 0.254224
vt 0.481995 0.177591
vt 0.482377 0.177638
vt 0.405539 0.098700
vt 0.405544 0.098357
vt 0.405410 0.244319
vt 0.405532 0.253803
vt 0.405432 0.243568
vt 0.437843 0.244319
vt 0.403490 0.234731
vt 0.441999 0.253803
vt 0.403494 0.233663
vt 0.405346 0.225388
vt 0.403495 0.213934
vt 0.405373 0.213934
vt 0.405344 0.224071
vt 0.428419 0.224071
vt 0.428047 0.213934
vt 0.429882 0.213898
vt 0.405403 0.132769
vt 0.403533 0.132823
vt 0.403520 0.125735
vt 0.403517 0.124532
vt 0.405378 0.116610
vt 0.380361 0.125735
vt 0.380764 0.132769
vt 0.378897 0.132823
vt 0.405382 0.115587
vt 0.403430 0.107113
vt 0.403452 0.106417
vt 0.403329 0.098700
vt 0.370841 0.106417
vt 0.366637 0.098700
vt 0.403323 0.098357
vt 0.403165 0.088420
vt 0.366450 0.098357
vt 0.361033 0.088419
vt 0.403160 0.089908
vt 0.403163 0.093938
vt 0.361930 0.089919
vt 0.363933 0.093955
vt 0.403163 0.095741
vt 0.403192 0.097405
vt 0.405675 0.097405
vt 0.364697 0.095741
vt 0.363121 0.097405
vt 0.365604 0.097405
vt 0.405696 0.259233
vt 0.405667 0.257149
vt 0.403200 0.257149
vt 0.405696 0.261013
vt 0.444667 0.260995
vt 0.443914 0.259233
vt 0.405698 0.265026
vt 0.445485 0.257149
vt 0.443018 0.257149
vt 0.446643 0.265015
vt 0.405693 0.266417
vt 0.447529 0.266418
vt 0.405537 0.254224
vt 0.442183 0.254224
vt 0.335476 0.176536
vt 0.326873 0.177591
vt 0.336200 0.176526
vt 0.335527 0.195247
vt 0.344852 0.174354
vt 0.326937 0.198635
vt 0.345898 0.174330
vt 0.354002 0.175975
vt 0.362321 0.172548
vt 0.362324 0.174505
vt 0.355222 0.175827
vt 0.355249 0.189306
vt 0.362352 0.191517
vt 0.362410 0.193475
vt 0.446543 0.174505
vt 0.446492 0.172607
vt 0.453649 0.173985
vt 0.454869 0.174147
vt 0.462965 0.176214
vt 0.453694 0.150993
vt 0.446582 0.151294
vt 0.446531 0.149426
vt 0.464011 0.176245
vt 0.472673 0.174525
vt 0.473397 0.174577
vt 0.482002 0.175389
vt 0.473486 0.142016
vt 0.482114 0.138760
vt 0.482384 0.175425
vt 0.493455 0.176469
vt 0.482498 0.138615
vt 0.493605 0.134420
vt 0.492016 0.176502
vt 0.487993 0.176486
vt 0.492148 0.135354
vt 0.488106 0.137330
vt 0.486202 0.176486
vt 0.484326 0.176291
vt 0.484199 0.178763
vt 0.486326 0.138091
vt 0.484453 0.136290
vt 0.484445 0.138772
vt 0.322674 0.179018
vt 0.324413 0.178762
vt 0.324541 0.176291
vt 0.320883 0.179018
vt 0.320697 0.201547
vt 0.320696 0.201812
vt 0.316860 0.179040
vt 0.321377 0.209291
vt 0.321457 0.206386
vt 0.316949 0.202682
vt 0.315421 0.178996
vt 0.315506 0.203145
vt 0.326491 0.177638
vt 0.326556 0.198785
vt 0.364017 0.151319
vt 0.363982 0.172560
vt 0.363945 0.149451
vt 0.378949 0.149451
vt 0.378950 0.151250
vt 0.363990 0.134495
vt 0.380748 0.151250
vt 0.380769 0.174036
vt 0.378973 0.173949
vt 0.380746 0.149451
vt 0.403535 0.149451
vt 0.403535 0.151250
vt 0.378865 0.134495
vt 0.380801 0.134495
vt 0.403466 0.134495
vt 0.444853 0.149383
vt 0.444877 0.134495
vt 0.429934 0.134426
vt 0.428066 0.134495
vt 0.405402 0.134495
vt 0.429919 0.149451
vt 0.428122 0.149451
vt 0.429917 0.151250
vt 0.429894 0.173949
vt 0.428098 0.174036
vt 0.428120 0.151250
vt 0.444850 0.151319
vt 0.405332 0.151250
vt 0.405332 0.149451
vt 0.444816 0.172497
vt 0.380846 0.212169
vt 0.403537 0.212211
vt 0.379012 0.212211
vt 0.378990 0.190738
vt 0.380785 0.190557
vt 0.364087 0.212169
vt 0.378989 0.188915
vt 0.378975 0.175752
vt 0.380771 0.175831
vt 0.380783 0.188764
vt 0.364085 0.193570
vt 0.364082 0.191607
vt 0.403536 0.188764
vt 0.403536 0.190557
vt 0.364054 0.174438
vt 0.444786 0.191607
vt 0.444813 0.174438
vt 0.444851 0.193513
vt 0.429877 0.190738
vt 0.429879 0.188915
vt 0.444753 0.212142
vt 0.428084 0.188764
vt 0.428097 0.175831
vt 0.429892 0.175752
vt 0.428083 0.190557
vt 0.405331 0.190557
vt 0.405331 0.188764
vt 0.429897 0.212169
vt 0.428021 0.212169
vt 0.405371 0.212169
vt 0.403536 0.175831
vt 0.405331 0.175831
vt 0.405331 0.174036
vt 0.403536 0.174036
vt 0.251632 0.360812
vt 0.251625 0.358138
vt 0.077575 0.400955
vt 0.294218 0.275271
vt 0.077414 0.403671
vt 0.792921 0.302860
vt 0.877184 0.447247
vt 0.877727 0.416779
vt 0.957624 0.448702
vt 0.073917 0.434104
vt 0.073805 0.437314
vt 0.958164 0.418212
vt 0.873998 0.447190
vt 0.790010 0.445422
vt 0.792911 0.445745
vt 0.631113 0.402421
vt 0.634571 0.402421
vt 0.634572 0.405878
vt 0.631113 0.405878
vt 0.631028 0.476193
vt 0.583575 0.476193
vt 0.587204 0.476193
vt 0.631111 0.434296
vt 0.631111 0.430830
vt 0.587205 0.434296
vt 0.587260 0.405878
vt 0.583802 0.405725
vt 0.587212 0.430830
vt 0.554825 0.476139
vt 0.583742 0.434647
vt 0.583749 0.431121
vt 0.554811 0.440012
vt 0.555065 0.403196
vt 0.554956 0.436325
vt 0.710620 0.403196
vt 0.634573 0.430830
vt 0.634574 0.434296
vt 0.710741 0.440122
vt 0.710729 0.436325
vt 0.478339 0.292150
vt 0.306092 0.527525
vt 0.303004 0.350971
vt 0.303052 0.354327
vt 0.387754 0.352821
vt 0.304050 0.410037
vt 0.304110 0.413392
vt 0.388747 0.408527
vt 0.391109 0.352762
vt 0.479614 0.351741
vt 0.476490 0.351240
vt 0.480635 0.406932
vt 0.392101 0.408468
vt 0.230181 0.606239
vt 0.233176 0.534740
vt 0.230342 0.534730
vt 0.183302 0.606239
vt 0.183306 0.534734
vt 0.180474 0.534734
vt 0.230175 0.609061
vt 0.230016 0.680654
vt 0.232830 0.680654
vt 0.183301 0.609061
vt 0.180447 0.680618
vt 0.183297 0.680654
vt 0.180478 0.609061
vt 0.107860 0.944191
vt 0.112602 0.944191
vt 0.110280 0.953456
vt 0.103171 0.948545
vt 0.108508 0.943854
vt 0.076816 0.887015
vt 0.076560 0.878187
vt 0.112602 0.943854
vt 0.112631 0.931346
vt 0.114150 0.937826
vt 0.167078 0.943854
vt 0.167078 0.944191
vt 0.076816 0.876024
vt 0.067783 0.888243
vt 0.067783 0.876651
vt 0.076560 0.876024
vt 0.076816 0.819700
vt 0.076560 0.819700
vt 0.083331 0.875607
vt 0.083331 0.877690
vt 0.076816 0.816474
vt 0.067783 0.817248
vt 0.072537 0.810693
vt 0.082142 0.817211
vt 0.131147 0.784948
vt 0.140743 0.785295
vt 0.083331 0.821271
vt 0.083331 0.823894
vt 0.233328 0.912578
vt 0.233328 0.909340
vt 0.242371 0.911788
vt 0.237606 0.918331
vt 0.228028 0.911846
vt 0.179185 0.944191
vt 0.169405 0.943854
vt 0.233582 0.909340
vt 0.226802 0.907815
vt 0.226802 0.905193
vt 0.233582 0.852969
vt 0.233328 0.852969
vt 0.233328 0.842054
vt 0.242371 0.840823
vt 0.242371 0.852336
vt 0.233582 0.850954
vt 0.226802 0.853392
vt 0.226802 0.851450
vt 0.201612 0.785295
vt 0.202261 0.784948
vt 0.197517 0.784948
vt 0.199837 0.775674
vt 0.206958 0.780596
vt 0.197517 0.785295
vt 0.197485 0.797823
vt 0.195970 0.791335
vt 0.143082 0.785295
vt 0.143082 0.784948
vt 0.180503 0.953456
vt 0.167734 0.953456
vt 0.166640 0.937826
vt 0.168882 0.937826
vt 0.129838 0.775674
vt 0.142426 0.775674
vt 0.143519 0.791335
vt 0.141265 0.791335
vt 0.114150 0.936412
vt 0.113200 0.936412
vt 0.116770 0.925206
vt 0.121960 0.930796
vt 0.166640 0.936412
vt 0.083488 0.877690
vt 0.083488 0.875607
vt 0.089611 0.875607
vt 0.089611 0.877690
vt 0.083488 0.823894
vt 0.088574 0.821896
vt 0.089611 0.825254
vt 0.089611 0.827608
vt 0.141265 0.792748
vt 0.226643 0.905193
vt 0.221579 0.907194
vt 0.220510 0.903868
vt 0.220510 0.901514
vt 0.226643 0.853392
vt 0.168882 0.936412
vt 0.226643 0.851450
vt 0.220510 0.853392
vt 0.220510 0.851450
vt 0.196915 0.792748
vt 0.195970 0.792748
vt 0.193340 0.803978
vt 0.188126 0.798376
vt 0.143519 0.792748
vt 0.166640 0.930796
vt 0.168882 0.930796
vt 0.143519 0.798376
vt 0.141265 0.798376
vt 0.121960 0.929427
vt 0.117308 0.929427
vt 0.123221 0.915118
vt 0.121960 0.918947
vt 0.166640 0.929427
vt 0.089865 0.877690
vt 0.089865 0.875607
vt 0.099205 0.875607
vt 0.099205 0.877690
vt 0.089865 0.827608
vt 0.094892 0.825926
vt 0.099205 0.831762
vt 0.099205 0.833697
vt 0.141265 0.799749
vt 0.220255 0.901514
vt 0.215243 0.903198
vt 0.210902 0.897407
vt 0.210902 0.895474
vt 0.220255 0.853392
vt 0.168882 0.929427
vt 0.220255 0.851450
vt 0.210902 0.853392
vt 0.210902 0.851450
vt 0.192798 0.799749
vt 0.188126 0.799749
vt 0.186842 0.814042
vt 0.188126 0.810227
vt 0.143519 0.799749
vt 0.166640 0.918947
vt 0.168882 0.918947
vt 0.143519 0.810227
vt 0.141265 0.810227
vt 0.121960 0.917883
vt 0.123931 0.914290
vt 0.130279 0.906493
vt 0.131641 0.906493
vt 0.166640 0.917883
vt 0.100287 0.877690
vt 0.100287 0.875607
vt 0.112214 0.875607
vt 0.112214 0.877690
vt 0.100287 0.833697
vt 0.100287 0.832508
vt 0.115716 0.839586
vt 0.112214 0.841153
vt 0.141265 0.811290
vt 0.209821 0.895474
vt 0.209821 0.896663
vt 0.194403 0.889586
vt 0.197899 0.888019
vt 0.209821 0.853392
vt 0.168882 0.917883
vt 0.209821 0.851450
vt 0.197899 0.853392
vt 0.197899 0.851450
vt 0.186146 0.814861
vt 0.188126 0.811290
vt 0.179844 0.822696
vt 0.178485 0.822696
vt 0.143519 0.811290
vt 0.166640 0.906493
vt 0.168882 0.906493
vt 0.143519 0.822697
vt 0.141265 0.822697
vt 0.132336 0.905666
vt 0.131088 0.902384
vt 0.141780 0.887050
vt 0.142969 0.887050
vt 0.166640 0.905666
vt 0.113466 0.877690
vt 0.113466 0.875607
vt 0.132694 0.875607
vt 0.132694 0.877690
vt 0.113466 0.841153
vt 0.116815 0.840262
vt 0.134441 0.851447
vt 0.132694 0.852545
vt 0.141265 0.823522
vt 0.196648 0.888019
vt 0.193303 0.888910
vt 0.175671 0.877737
vt 0.177404 0.876640
vt 0.196648 0.853392
vt 0.168882 0.905666
vt 0.196648 0.851450
vt 0.177404 0.853392
vt 0.177404 0.851450
vt 0.179033 0.826809
vt 0.177786 0.823522
vt 0.168325 0.842130
vt 0.167137 0.842130
vt 0.143519 0.823522
vt 0.166640 0.887050
vt 0.168882 0.887050
vt 0.143519 0.842130
vt 0.141265 0.842130
vt 0.143668 0.886210
vt 0.142548 0.883904
vt 0.154159 0.864802
vt 0.155276 0.865499
vt 0.166640 0.886210
vt 0.133922 0.875607
vt 0.133922 0.852545
vt 0.135575 0.851447
vt 0.154829 0.863692
vt 0.143519 0.842981
vt 0.176188 0.876640
vt 0.174535 0.877737
vt 0.155946 0.864389
vt 0.176188 0.853392
vt 0.167558 0.845288
vt 0.166437 0.842981
vt 0.101316 0.948545
vt 0.110280 0.954821
vt 0.104174 0.963310
vt 0.097597 0.950010
vt 0.066392 0.890735
vt 0.167734 0.954821
vt 0.180503 0.954821
vt 0.182256 0.963310
vt 0.168604 0.963310
vt 0.237606 0.920127
vt 0.066392 0.876651
vt 0.057896 0.892542
vt 0.057896 0.877485
vt 0.066392 0.817248
vt 0.142426 0.774304
vt 0.129838 0.774304
vt 0.128090 0.765803
vt 0.141548 0.765803
vt 0.199837 0.774304
vt 0.072537 0.808884
vt 0.057896 0.811435
vt 0.068734 0.805034
vt 0.243763 0.911788
vt 0.252251 0.917424
vt 0.241460 0.923965
vt 0.243763 0.852336
vt 0.243763 0.838191
vt 0.252251 0.836367
vt 0.252251 0.851489
vt 0.208822 0.780596
vt 0.205946 0.765803
vt 0.212533 0.779136
vt 0.444024 0.959453
vt 0.445733 0.959453
vt 0.191499 0.713832
vt 0.189767 0.713832
vt 0.095378 0.951834
vt 0.055591 0.892542
vt 0.102818 0.965546
vt 0.168604 0.965546
vt 0.469184 0.959453
vt 0.471140 0.959453
vt 0.212876 0.713832
vt 0.210922 0.713832
vt 0.182256 0.965546
vt 0.243597 0.925712
vt 0.433044 0.959453
vt 0.433493 0.959453
vt 0.181825 0.713832
vt 0.181367 0.713832
vt 0.055591 0.877485
vt 0.055591 0.811435
vt 0.457027 0.959210
vt 0.455072 0.959210
vt 0.199353 0.713832
vt 0.201306 0.713832
vt 0.141548 0.763600
vt 0.207357 0.763600
vt 0.128090 0.763600
vt 0.066761 0.803048
vt 0.434114 0.959211
vt 0.433044 0.959211
vt 0.180514 0.713832
vt 0.181587 0.713832
vt 0.492118 0.959453
vt 0.493177 0.959453
vt 0.231728 0.713832
vt 0.230648 0.713832
vt 0.254613 0.917424
vt 0.254613 0.851489
vt 0.493177 0.959210
vt 0.492718 0.959210
vt 0.230406 0.713832
vt 0.230865 0.713832
vt 0.254613 0.836367
vt 0.214621 0.777196
vt 0.482207 0.959210
vt 0.480498 0.959210
vt 0.220754 0.713832
vt 0.222477 0.713832
vt 0.103910 0.744945
vt 0.104963 0.742753
vt 0.103245 0.733303
vt 0.102134 0.735516
vt 0.105477 0.745182
vt 0.128386 0.739515
vt 0.127940 0.737084
vt 0.130406 0.736271
vt 0.130847 0.738712
vt 0.154797 0.728977
vt 0.154374 0.726511
vt 0.133707 0.723303
vt 0.131238 0.724113
vt 0.133999 0.722154
vt 0.161600 0.714148
vt 0.161892 0.712999
vt 0.131530 0.722965
vt 0.137316 0.709131
vt 0.134836 0.709941
vt 0.103538 0.732152
vt 0.102422 0.734382
vt 0.110717 0.719733
vt 0.109630 0.721996
vt 0.138212 0.709979
vt 0.160332 0.703472
vt 0.161242 0.704368
vt 0.135736 0.710783
vt 0.111617 0.720626
vt 0.156782 0.727620
vt 0.164080 0.715236
vt 0.164384 0.714092
vt 0.162789 0.704609
vt 0.107860 0.944191
vt 0.112602 0.944191
vt 0.110280 0.953456
vt 0.103171 0.948545
vt 0.108508 0.943854
vt 0.076816 0.887015
vt 0.076560 0.878187
vt 0.112602 0.943854
vt 0.112631 0.931346
vt 0.114150 0.937826
vt 0.167078 0.943854
vt 0.167078 0.944191
vt 0.076816 0.876024
vt 0.067783 0.888243
vt 0.067783 0.876651
vt 0.076560 0.876024
vt 0.076816 0.819700
vt 0.076560 0.819700
vt 0.083331 0.875607
vt 0.083331 0.877690
vt 0.076816 0.816474
vt 0.067783 0.817248
vt 0.072537 0.810693
vt 0.082142 0.817211
vt 0.131147 0.784948
vt 0.140743 0.785295
vt 0.083331 0.821271
vt 0.083331 0.823894
vt 0.233328 0.912578
vt 0.233328 0.909340
vt 0.242371 0.911788
vt 0.237606 0.918331
vt 0.228028 0.911846
vt 0.179185 0.944191
vt 0.169405 0.943854
vt 0.233582 0.909340
vt 0.226802 0.907815
vt 0.226802 0.905193
vt 0.233582 0.852969
vt 0.233328 0.852969
vt 0.233328 0.842054
vt 0.242371 0.840823
vt 0.242371 0.852336
vt 0.233582 0.850954
vt 0.226802 0.853392
vt 0.226802 0.851450
vt 0.201612 0.785295
vt 0.202261 0.784948
vt 0.197517 0.784948
vt 0.199837 0.775674
vt 0.206958 0.780596
vt 0.197517 0.785295
vt 0.197485 0.797823
vt 0.195970 0.791335
vt 0.143082 0.785295
vt 0.143082 0.784948
vt 0.180503 0.953456
vt 0.167734 0.953456
vt 0.166640 0.937826
vt 0.168882 0.937826
vt 0.129838 0.775674
vt 0.142426 0.775674
vt 0.143519 0.791335
vt 0.141265 0.791335
vt 0.114150 0.936412
vt 0.113200 0.936412
vt 0.116770 0.925206
vt 0.121960 0.930796
vt 0.166640 0.936412
vt 0.083488 0.877690
vt 0.083488 0.875607
vt 0.089611 0.875607
vt 0.089611 0.877690
vt 0.083488 0.823894
vt 0.088574 0.821896
vt 0.089611 0.825254
vt 0.089611 0.827608
vt 0.141265 0.792748
vt 0.226643 0.905193
vt 0.221579 0.907194
vt 0.220510 0.903868
vt 0.220510 0.901514
vt 0.226643 0.853392
vt 0.168882 0.936412
vt 0.226643 0.851450
vt 0.220510 0.853392
vt 0.220510 0.851450
vt 0.196915 0.792748
vt 0.195970 0.792748
vt 0.193340 0.803978
vt 0.188126 0.798376
vt 0.143519 0.792748
vt 0.166640 0.930796
vt 0.168882 0.930796
vt 0.143519 0.798376
vt 0.141265 0.798376
vt 0.121960 0.929427
vt 0.117308 0.929427
vt 0.123221 0.915118
vt 0.121960 0.918947
vt 0.166640 0.929427
vt 0.089865 0.877690
vt 0.089865 0.875607
vt 0.099205 0.875607
vt 0.099205 0.877690
vt 0.089865 0.827608
vt 0.094892 0.825926
vt 0.099205 0.831762
vt 0.099205 0.833697
vt 0.141265 0.799749
vt 0.220255 0.901514
vt 0.215243 0.903198
vt 0.210902 0.897407
vt 0.210902 0.895474
vt 0.220255 0.853392
vt 0.168882 0.929427
vt 0.220255 0.851450
vt 0.210902 0.853392
vt 0.210902 0.851450
vt 0.192798 0.799749
vt 0.188126 0.799749
vt 0.186842 0.814042
vt 0.188126 0.810227
vt 0.143519 0.799749
vt 0.166640 0.918947
vt 0.168882 0.918947
vt 0.143519 0.810227
vt 0.141265 0.810227
vt 0.121960 0.917883
vt 0.123931 0.914290
vt 0.130279 0.906493
vt 0.131641 0.906493
vt 0.166640 0.917883
vt 0.100287 0.877690
vt 0.100287 0.875607
vt 0.112214 0.875607
vt 0.112214 0.877690
vt 0.100287 0.833697
vt 0.100287 0.832508
vt 0.115716 0.839586
vt 0.112214 0.841153
vt 0.141265 0.811290
vt 0.209821 0.895474
vt 0.209821 0.896663
vt 0.194403 0.889586
vt 0.197899 0.888019
vt 0.209821 0.853392
vt 0.168882 0.917883
vt 0.209821 0.851450
vt 0.197899 0.853392
vt 0.197899 0.851450
vt 0.186146 0.814861
vt 0.188126 0.811290
vt 0.179844 0.822696
vt 0.178485 0.822696
vt 0.143519 0.811290
vt 0.166640 0.906493
vt 0.168882 0.906493
vt 0.143519 0.822697
vt 0.141265 0.822697
vt 0.132336 0.905666
vt 0.131088 0.902384
vt 0.141780 0.887050
vt 0.142969 0.887050
vt 0.166640 0.905666
vt 0.113466 0.877690
vt 0.113466 0.875607
vt 0.132694 0.875607
vt 0.132694 0.877690
vt 0.113466 0.841153
vt 0.116815 0.840262
vt 0.134441 0.851447
vt 0.132694 0.852545
vt 0.141265 0.823522
vt 0.196648 0.888019
vt 0.193303 0.888910
vt 0.175671 0.877737
vt 0.177404 0.876640
vt 0.196648 0.853392
vt 0.168882 0.905666
vt 0.196648 0.851450
vt 0.177404 0.853392
vt 0.177404 0.851450
vt 0.179033 0.826809
vt 0.177786 0.823522
vt 0.168325 0.842130
vt 0.167137 0.842130
vt 0.143519 0.823522
vt 0.166640 0.887050
vt 0.168882 0.887050
vt 0.143519 0.842130
vt 0.141265 0.842130
vt 0.143668 0.886210
vt 0.142548 0.883904
vt 0.154159 0.864802
vt 0.155276 0.865499
vt 0.166640 0.886210
vt 0.133922 0.875607
vt 0.133922 0.852545
vt 0.135575 0.851447
vt 0.154829 0.863692
vt 0.143519 0.842981
vt 0.176188 0.876640
vt 0.174535 0.877737
vt 0.155946 0.864389
vt 0.176188 0.853392
vt 0.167558 0.845288
vt 0.166437 0.842981
vt 0.101316 0.948545
vt 0.110280 0.954821
vt 0.104174 0.963310
vt 0.097597 0.950010
vt 0.066392 0.890735
vt 0.167734 0.954821
vt 0.180503 0.954821
vt 0.182256 0.963310
vt 0.168604 0.963310
vt 0.237606 0.920127
vt 0.066392 0.876651
vt 0.057896 0.892542
vt 0.057896 0.877485
vt 0.066392 0.817248
vt 0.142426 0.774304
vt 0.129838 0.774304
vt 0.128090 0.765803
vt 0.141548 0.765803
vt 0.199837 0.774304
vt 0.072537 0.808884
vt 0.057896 0.811435
vt 0.068734 0.805034
vt 0.243763 0.911788
vt 0.252251 0.917424
vt 0.241460 0.923965
vt 0.243763 0.852336
vt 0.243763 0.838191
vt 0.252251 0.836367
vt 0.252251 0.851489
vt 0.208822 0.780596
vt 0.205946 0.765803
vt 0.212533 0.779136
vt 0.444024 0.959453
vt 0.445733 0.959453
vt 0.191499 0.713832
vt 0.189767 0.713832
vt 0.095378 0.951834
vt 0.055591 0.892542
vt 0.102818 0.965546
vt 0.168604 0.965546
vt 0.469184 0.959453
vt 0.471140 0.959453
vt 0.212876 0.713832
vt 0.210922 0.713832
vt 0.182256 0.965546
vt 0.243597 0.925712
vt 0.433044 0.959453
vt 0.433493 0.959453
vt 0.181825 0.713832
vt 0.181367 0.713832
vt 0.055591 0.877485
vt 0.055591 0.811435
vt 0.457027 0.959210
vt 0.455072 0.959210
vt 0.199353 0.713832
vt 0.201306 0.713832
vt 0.141548 0.763600
vt 0.207357 0.763600
vt 0.128090 0.763600
vt 0.066761 0.803048
vt 0.434114 0.959211
vt 0.433044 0.959211
vt 0.180514 0.713832
vt 0.181587 0.713832
vt 0.492118 0.959453
vt 0.493177 0.959453
vt 0.231728 0.713832
vt 0.230648 0.713832
vt 0.254613 0.917424
vt 0.254613 0.851489
vt 0.493177 0.959210
vt 0.492718 0.959210
vt 0.230406 0.713832
vt 0.230865 0.713832
vt 0.254613 0.836367
vt 0.214621 0.777196
vt 0.482207 0.959210
vt 0.480498 0.959210
vt 0.220754 0.713832
vt 0.222477 0.713832
vt 0.103910 0.744945
vt 0.104963 0.742753
vt 0.103245 0.733303
vt 0.102134 0.735516
vt 0.105477 0.745182
vt 0.128386 0.739515
vt 0.127940 0.737084
vt 0.130406 0.736271
vt 0.130847 0.738712
vt 0.154797 0.728977
vt 0.154374 0.726511
vt 0.133707 0.723303
vt 0.131238 0.724113
vt 0.133999 0.722154
vt 0.161600 0.714148
vt 0.161892 0.712999
vt 0.131530 0.722965
vt 0.137316 0.709131
vt 0.134836 0.709941
vt 0.103538 0.732152
vt 0.102422 0.734382
vt 0.110717 0.719733
vt 0.109630 0.721996
vt 0.138212 0.709979
vt 0.160332 0.703472
vt 0.161242 0.704368
vt 0.135736 0.710783
vt 0.111617 0.720626
vt 0.156782 0.727620
vt 0.164080 0.715236
vt 0.164384 0.714092
vt 0.162789 0.704609
vn 0.010552 -0.999944 0.000003
vn -0.384923 -0.922949 0.000011
vn -0.399202 -0.916863 0.000013
vn 0.008931 -0.999960 0.000008
vn 0.000234 -0.708491 0.705719
vn 0.000356 -0.708490 0.705721
vn 0.012830 -0.708255 0.705840
vn 0.012830 -0.708255 0.705840
vn -0.401289 -0.007173 0.915924
vn -0.007153 -0.000133 0.999974
vn -0.008838 -0.000160 0.999961
vn -0.415537 -0.007406 0.909546
vn -0.529914 -0.604593 0.594691
vn -0.529964 -0.604571 0.594669
vn -0.554117 -0.593623 0.583581
vn -0.554116 -0.593623 0.583581
vn 0.017822 -0.999841 0.000005
vn 0.017819 -0.999841 0.000001
vn 0.017819 -0.999841 0.000001
vn 0.017822 -0.999841 0.000005
vn 0.012230 -0.706992 0.707116
vn 0.012230 -0.706992 0.707116
vn 0.012214 -0.706991 0.707117
vn 0.012214 -0.706991 0.707117
vn -0.000000 -0.000000 1.000000
vn 0.000003 -0.000005 1.000000
vn 0.000003 -0.000005 1.000000
vn -0.000000 -0.000000 1.000000
vn -0.007272 -0.000128 0.999974
vn -0.401285 -0.007144 0.915925
vn -0.414268 -0.007373 0.910125
vn -0.008725 -0.000151 0.999962
vn -0.024964 0.705397 0.708373
vn -0.024842 0.705400 0.708374
vn -0.012369 0.705742 0.708361
vn -0.012369 0.705742 0.708361
vn -0.417611 0.908626 0.000022
vn -0.024971 0.999688 0.000005
vn -0.026656 0.999645 0.000003
vn -0.431745 0.901996 0.000001
vn -0.551118 0.584972 0.595043
vn -0.551167 0.584949 0.595020
vn -0.574916 0.573437 0.583645
vn -0.574916 0.573437 0.583645
vn 0.000004 0.000004 1.000000
vn -0.000000 0.000000 1.000000
vn -0.000000 0.000000 1.000000
vn 0.000003 0.000004 1.000000
vn -0.012970 0.706999 0.707095
vn -0.012970 0.706999 0.707095
vn -0.012985 0.707000 0.707095
vn -0.012985 0.707000 0.707095
vn -0.017819 0.999841 0.000001
vn -0.017815 0.999841 0.000006
vn -0.017816 0.999841 0.000006
vn -0.017819 0.999841 0.000001
vn -0.025084 0.999685 -0.000004
vn -0.417567 0.908646 -0.000012
vn -0.431618 0.902056 -0.000013
vn -0.026705 0.999643 -0.000007
vn -0.025010 0.708040 -0.705730
vn -0.024889 0.708043 -0.705731
vn -0.012414 0.708252 -0.705851
vn -0.012414 0.708252 -0.705851
vn -0.401323 -0.007137 -0.915909
vn -0.007156 -0.000124 -0.999974
vn -0.008680 -0.000153 -0.999962
vn -0.414428 -0.007385 -0.910052
vn -0.551124 0.585326 -0.594689
vn -0.551174 0.585302 -0.594667
vn -0.574915 0.573503 -0.583581
vn -0.574915 0.573503 -0.583581
vn -0.017815 0.999841 -0.000005
vn -0.017819 0.999841 -0.000001
vn -0.017819 0.999841 -0.000001
vn -0.017816 0.999841 -0.000005
vn -0.012970 0.706973 -0.707121
vn -0.012970 0.706974 -0.707121
vn -0.012985 0.706973 -0.707121
vn -0.012985 0.706973 -0.707121
vn -0.000000 0.000000 -1.000000
vn 0.000004 0.000004 -1.000000
vn 0.000004 0.000004 -1.000000
vn -0.000000 0.000000 -1.000000
vn -0.007267 -0.000133 -0.999974
vn -0.401246 -0.007162 -0.915942
vn -0.415410 -0.007417 -0.909604
vn -0.008888 -0.000165 -0.999961
vn 0.000186 -0.705841 -0.708371
vn 0.000308 -0.705840 -0.708372
vn 0.012785 -0.705737 -0.708359
vn 0.012785 -0.705737 -0.708359
vn -0.384968 -0.922930 -0.000020
vn 0.010666 -0.999943 -0.000005
vn 0.008980 -0.999960 -0.000004
vn -0.399331 -0.916807 0.000001
vn -0.529923 -0.604227 -0.595055
vn -0.529974 -0.604206 -0.595032
vn -0.554119 -0.593545 -0.583658
vn -0.554118 -0.593546 -0.583658
vn 0.000004 -0.000005 -1.000000
vn -0.000000 -0.000000 -1.000000
vn -0.000000 -0.000000 -1.000000
vn 0.000003 -0.000005 -1.000000
vn 0.012230 -0.707013 -0.707094
vn 0.012230 -0.707013 -0.707094
vn 0.012215 -0.707014 -0.707094
vn 0.012215 -0.707014 -0.707094
vn 0.017818 -0.999841 -0.000000
vn 0.017822 -0.999841 -0.000005
vn 0.017822 -0.999841 -0.000005
vn 0.017818 -0.999841 -0.000002
vn -0.007820 -0.000133 0.999969
vn 0.000000 0.000000 1.000000
vn -0.407624 -0.007243 0.913121
vn -0.008430 -0.000150 0.999965
vn -0.412111 -0.007344 0.911104
vn -0.435519 -0.007761 0.900146
vn -0.435525 -0.007758 0.900143
vn 0.724413 -0.689367 0.000053
vn 0.724413 -0.689367 0.000053
vn 0.724148 -0.689645 -0.000060
vn 0.723879 -0.689927 -0.000175
vn 0.999841 0.017821 -0.000015
vn 0.999841 0.017821 0.000001
vn 0.999841 0.017819 0.000000
vn 0.999841 0.017819 -0.000017
vn 0.739731 -0.033594 0.672064
vn 0.725531 -0.007079 0.688153
vn 0.713729 0.012625 0.700308
vn 0.714144 0.012524 0.699887
vn 0.000003 -0.000005 1.000000
vn -0.000000 -0.000000 1.000000
vn -0.000000 -0.000000 1.000000
vn 0.999841 0.017818 0.000002
vn 0.999841 0.017818 -0.000018
vn 0.999841 0.017818 -0.000017
vn 0.999841 0.017818 0.000003
vn 0.708147 0.012776 0.705950
vn 0.708355 0.012646 0.705743
vn 0.708397 0.012568 0.705702
vn 0.708397 0.012568 0.705702
vn -0.025638 0.999671 -0.000007
vn -0.017818 0.999841 -0.000000
vn -0.423894 0.905712 -0.000021
vn -0.026248 0.999655 -0.000000
vn -0.428345 0.903615 0.000000
vn -0.451559 0.892241 0.000000
vn -0.451565 0.892238 -0.000003
vn 0.712931 0.012708 0.701119
vn 0.712931 0.012708 0.701119
vn 0.712721 0.012657 0.701334
vn 0.712596 0.012626 0.701461
vn 0.999841 0.017817 -0.000000
vn 0.999841 0.017819 0.000001
vn 0.999841 0.017819 0.000001
vn 0.999841 0.017817 -0.000000
vn 0.726919 0.685129 0.046769
vn 0.712908 0.700972 0.020005
vn 0.701244 0.712922 0.000096
vn 0.701665 0.712507 0.000204
vn -0.017815 0.999841 0.000006
vn -0.017819 0.999841 0.000000
vn -0.017819 0.999841 0.000000
vn 0.999841 0.017817 0.000000
vn 0.999841 0.017817 0.000000
vn 0.999841 0.017816 0.000001
vn 0.999841 0.017818 -0.000000
vn 0.695559 0.718469 -0.000156
vn 0.695768 0.718267 -0.000023
vn 0.695810 0.718226 0.000055
vn 0.695810 0.718226 0.000055
vn -0.008092 -0.000155 -0.999967
vn 0.000000 0.000000 -1.000000
vn -0.409780 -0.007337 -0.912155
vn -0.008422 -0.000150 -0.999965
vn -0.412112 -0.007345 -0.911104
vn -0.435519 -0.007762 -0.900146
vn -0.435526 -0.007765 -0.900143
vn 0.699397 0.714733 -0.000053
vn 0.699397 0.714733 -0.000053
vn 0.699122 0.715002 0.000059
vn 0.698843 0.715275 0.000173
vn 0.999841 0.017818 0.000000
vn 0.999841 0.017820 -0.000000
vn 0.999841 0.017821 0.000000
vn 0.999841 0.017819 0.000001
vn 0.732919 0.046809 -0.678703
vn 0.723078 0.027022 -0.690238
vn 0.715307 0.012862 -0.698692
vn 0.715496 0.012895 -0.698498
vn 0.000003 0.000004 -1.000000
vn 0.000000 0.000000 -1.000000
vn -0.000000 0.000000 -1.000000
vn 0.999841 0.017819 0.000003
vn 0.999841 0.017819 0.000001
vn 0.999841 0.017819 0.000001
vn 0.999841 0.017819 0.000002
vn 0.707740 0.012500 -0.706363
vn 0.707829 0.012573 -0.706272
vn 0.707863 0.012668 -0.706236
vn 0.707863 0.012668 -0.706236
vn 0.009998 -0.999950 0.000006
vn 0.017820 -0.999841 -0.000001
vn -0.391358 -0.920238 0.000021
vn 0.009387 -0.999956 0.000000
vn -0.395880 -0.918302 0.000000
vn -0.419479 -0.907765 0.000000
vn -0.419486 -0.907762 0.000005
vn 0.711916 0.012634 -0.702151
vn 0.711916 0.012634 -0.702151
vn 0.711645 0.012741 -0.702424
vn 0.711370 0.012850 -0.702700
vn 0.999841 0.017819 -0.000001
vn 0.999841 0.017820 0.000005
vn 0.999841 0.017819 0.000006
vn 0.999841 0.017818 -0.000000
vn 0.750865 -0.658798 -0.046772
vn 0.737426 -0.675131 -0.020006
vn 0.726194 -0.687490 -0.000096
vn 0.726600 -0.687061 -0.000203
vn 0.017822 -0.999841 -0.000005
vn 0.017819 -0.999841 0.000000
vn 0.017819 -0.999841 0.000000
vn 0.999841 0.017815 0.000001
vn 0.999841 0.017817 0.000000
vn 0.999841 0.017817 0.000001
vn 0.999841 0.017815 0.000001
vn 0.720719 -0.693227 0.000156
vn 0.720921 -0.693017 0.000023
vn 0.720962 -0.692974 -0.000055
vn 0.720962 -0.692974 -0.000055
vn 0.970173 0.024962 0.241123
vn 0.972361 0.036365 0.230633
vn 0.968589 0.017484 0.248052
vn 0.968552 0.017533 0.248191
vn -0.010499 0.705234 0.708897
vn -0.010499 0.705234 0.708897
vn -0.010499 0.705234 0.708897
vn -0.010499 0.705234 0.708897
vn 0.967979 0.250289 0.019295
vn 0.965249 0.261218 0.007693
vn 0.963317 0.268367 0.000459
vn 0.963383 0.268129 0.000436
vn 0.965036 0.262004 -0.007784
vn 0.967678 0.251450 -0.019292
vn 0.963144 0.268988 -0.000222
vn 0.963104 0.269128 -0.000269
vn -0.010562 0.708822 -0.705309
vn -0.010562 0.708822 -0.705309
vn -0.010562 0.708822 -0.705309
vn -0.010562 0.708822 -0.705309
vn 0.970909 0.036889 -0.236589
vn 0.968511 0.025071 -0.247704
vn 0.966782 0.017683 -0.254988
vn 0.966847 0.017665 -0.254747
vn -0.017817 0.999841 -0.000000
vn -0.017790 0.999842 -0.000007
vn -0.017790 0.999842 -0.000007
vn -0.017817 0.999841 -0.000000
vn 0.962449 0.271463 0.000022
vn 0.962436 0.271507 -0.000033
vn 0.962443 0.271482 -0.000058
vn 0.962443 0.271485 -0.000058
vn 0.973791 -0.227317 0.007668
vn 0.976253 -0.215729 0.019789
vn 0.972120 -0.234486 0.000222
vn 0.972083 -0.234635 0.000271
vn 0.024136 -0.695934 0.717700
vn 0.024136 -0.695934 0.717700
vn 0.024136 -0.695934 0.717700
vn 0.024136 -0.695934 0.717700
vn 0.977628 0.009604 0.210122
vn 0.976235 0.018319 0.215940
vn 0.975694 0.021763 0.218056
vn 0.975740 0.021521 0.217873
vn 0.126048 -0.059459 0.990241
vn 0.161694 0.027056 0.986470
vn 0.148270 0.039648 0.988152
vn 0.152628 -0.051668 0.986932
vn 0.975374 0.003421 0.220531
vn 0.975067 0.004092 0.221872
vn 0.973607 0.007115 0.228120
vn 0.973616 0.007098 0.228082
vn 0.963397 0.013300 -0.267748
vn 0.963397 0.013300 -0.267748
vn 0.963216 0.013712 -0.268377
vn 0.963100 0.013976 -0.268781
vn 0.006156 -0.717186 -0.696855
vn 0.006156 -0.717186 -0.696855
vn 0.006156 -0.717186 -0.696855
vn 0.006156 -0.717186 -0.696855
vn 0.976064 -0.216665 -0.018833
vn 0.973913 -0.226788 -0.007813
vn 0.972266 -0.233879 -0.000457
vn 0.972320 -0.233652 -0.000436
vn 0.017828 -0.999841 -0.000000
vn 0.017845 -0.999841 0.000005
vn 0.017845 -0.999841 0.000005
vn 0.017828 -0.999841 -0.000000
vn 0.971509 -0.237003 -0.000019
vn 0.971499 -0.237043 0.000032
vn 0.971505 -0.237020 0.000058
vn 0.971505 -0.237019 0.000058
vn -0.000006 -0.000002 -1.000000
vn 0.000026 -0.000006 -1.000000
vn 0.000026 -0.000006 -1.000000
vn -0.000006 -0.000002 -1.000000
vn 0.965949 0.017235 -0.258158
vn 0.965938 0.017183 -0.258202
vn 0.965944 0.017170 -0.258180
vn 0.965944 0.017169 -0.258182
vn -0.419486 -0.907762 -0.000003
vn -0.419487 -0.907761 0.000006
vn -0.419486 -0.907762 -0.000004
vn -0.553818 -0.592073 -0.585436
vn -0.553822 -0.592074 -0.585431
vn -0.575190 -0.581766 -0.575070
vn -0.575028 -0.581845 -0.575151
vn -0.435525 -0.007757 -0.900143
vn -0.435527 -0.007766 -0.900142
vn -0.435527 -0.007767 -0.900142
vn -0.435525 -0.007758 -0.900144
vn -0.435527 -0.007766 0.900142
vn -0.435526 -0.007757 0.900143
vn -0.435527 -0.007766 0.900142
vn -0.553758 -0.595393 0.582116
vn -0.553762 -0.595388 0.582117
vn -0.575126 -0.585409 0.571425
vn -0.574964 -0.585488 0.571507
vn -0.419488 -0.907761 -0.000005
vn -0.419484 -0.907763 0.000003
vn -0.419486 -0.907762 0.000004
vn -0.419486 -0.907762 -0.000005
vn -0.709598 -0.068301 -0.701288
vn -0.697225 -0.714750 -0.054855
vn -0.748676 -0.662269 -0.029741
vn -0.760251 -0.043634 -0.648162
vn -0.444560 -0.007937 -0.895714
vn -0.702540 -0.012530 -0.711534
vn -0.455271 -0.008130 -0.890316
vn -0.428558 -0.903514 -0.000007
vn -0.439418 -0.898283 -0.000017
vn -0.689693 -0.724102 -0.000025
vn -0.690351 -0.723475 0.000001
vn -0.755571 -0.655067 0.000088
vn -0.749458 -0.662052 -0.000109
vn -0.433948 -0.900938 -0.000001
vn -0.419477 -0.907766 -0.000001
vn -0.436304 -0.899799 0.000000
vn -0.691396 -0.722476 0.000000
vn -0.451570 0.892236 0.000006
vn -0.451565 0.892238 -0.000005
vn -0.451570 0.892236 0.000006
vn -0.574212 0.571193 0.586532
vn -0.574218 0.571196 0.586523
vn -0.598651 0.554425 0.578126
vn -0.602481 0.551767 0.576688
vn -0.435526 -0.007765 0.900143
vn -0.435526 -0.007759 0.900143
vn -0.435526 -0.007758 0.900143
vn -0.435526 -0.007765 0.900143
vn -0.697392 -0.714613 0.054529
vn -0.708714 -0.067279 0.702281
vn -0.759467 -0.043213 0.649109
vn -0.748905 -0.662019 0.029522
vn -0.428598 -0.903495 0.000013
vn -0.689864 -0.723939 0.000010
vn -0.439406 -0.898288 0.000016
vn -0.444519 -0.007930 0.895734
vn -0.455281 -0.008130 0.890311
vn -0.702460 -0.012544 0.711613
vn -0.702464 -0.012520 0.711609
vn -0.764883 -0.013634 0.644025
vn -0.760862 -0.013569 0.648772
vn -0.449824 -0.008017 0.893081
vn -0.435519 -0.007761 0.900146
vn -0.451528 -0.008047 0.892221
vn -0.701209 -0.012495 0.712847
vn -0.435524 -0.007760 -0.900144
vn -0.435527 -0.007765 -0.900142
vn -0.435524 -0.007759 -0.900144
vn -0.574250 0.576372 -0.581405
vn -0.574258 0.576361 -0.581409
vn -0.602983 0.557321 -0.570793
vn -0.598499 0.560415 -0.572480
vn -0.451566 0.892238 0.000004
vn -0.451570 0.892236 -0.000006
vn -0.451571 0.892235 -0.000007
vn -0.451564 0.892239 0.000004
vn -0.708377 0.032448 0.705088
vn -0.812867 0.580865 0.042927
vn -0.857492 0.513681 0.028978
vn -0.755890 0.004562 0.654683
vn -0.443526 -0.007889 0.896227
vn -0.695384 -0.012346 0.718532
vn -0.452966 -0.008048 0.891491
vn -0.465912 0.884831 0.000030
vn -0.480513 0.876988 0.000067
vn -0.816232 0.577724 0.000082
vn -0.816768 0.576966 -0.000003
vn -0.858559 0.512715 -0.000000
vn -0.855735 0.517414 0.000003
vn -0.471776 0.881719 0.000004
vn -0.451558 0.892242 0.000001
vn -0.475112 0.879925 -0.000001
vn -0.817910 0.575346 0.000001
vn -0.813308 0.580252 -0.042858
vn -0.708260 0.032477 -0.705205
vn -0.755596 0.004667 -0.655022
vn -0.857733 0.513282 -0.028927
vn -0.465988 0.884791 -0.000047
vn -0.816249 0.577700 -0.000058
vn -0.480455 0.877019 -0.000065
vn -0.443451 -0.007893 -0.896264
vn -0.453005 -0.008050 -0.891472
vn -0.695383 -0.012345 -0.718534
vn -0.708767 -0.012630 -0.705330
vn -0.777834 -0.013996 -0.628314
vn -0.754314 -0.013441 -0.656376
vn -0.451931 -0.008054 -0.892016
vn -0.435519 -0.007761 -0.900146
vn -0.452842 -0.008072 -0.891554
vn -0.707915 -0.012612 -0.706185
vn -0.435519 -0.007761 -0.900146
vn -0.408020 -0.007270 -0.912944
vn -0.435519 -0.007761 -0.900146
vn -0.449834 -0.008016 -0.893076
vn -0.435519 -0.007761 -0.900146
vn -0.435519 -0.007761 -0.900146
vn -0.451558 0.892242 -0.000000
vn -0.424287 0.905528 0.000002
vn -0.451558 0.892242 -0.000000
vn -0.471809 0.881701 0.000002
vn -0.451558 0.892242 -0.000000
vn -0.451559 0.892241 -0.000000
vn -0.435519 -0.007762 0.900146
vn -0.410080 -0.007309 0.912020
vn -0.435519 -0.007762 0.900146
vn -0.451900 -0.008053 0.892032
vn -0.435519 -0.007763 0.900146
vn -0.435519 -0.007762 0.900146
vn -0.419480 -0.907765 -0.000001
vn -0.391759 -0.920068 -0.000003
vn -0.419477 -0.907766 -0.000000
vn -0.433958 -0.900933 -0.000001
vn -0.419477 -0.907766 0.000000
vn -0.419479 -0.907765 -0.000000
vn -0.000000 -0.000000 1.000000
vn 0.000000 0.000000 1.000000
vn -0.017819 0.999841 -0.000000
vn -0.017818 0.999841 -0.000000
vn 0.000000 0.000000 -1.000000
vn 0.000000 0.000000 -1.000000
vn 0.017819 -0.999841 0.000000
vn 0.017820 -0.999841 0.000000
vn -0.026119 0.999659 0.000007
vn -0.017819 0.999841 0.000000
vn -0.428471 0.903555 0.000019
vn -0.025609 0.999672 -0.000000
vn -0.451559 0.892241 0.000000
vn -0.017819 0.999841 -0.000000
vn -0.451557 0.892242 -0.000000
vn -0.475068 0.879949 0.000000
vn -0.817737 0.575593 0.000001
vn -0.858939 0.512078 -0.000033
vn -0.858782 0.512341 0.000001
vn -0.816906 0.576770 -0.000003
vn -0.856066 0.516867 -0.000022
vn -0.858949 0.512061 0.000033
vn -0.691481 -0.722395 -0.000000
vn -0.755368 -0.655301 -0.000006
vn -0.755608 -0.655024 -0.000086
vn -0.436291 -0.899806 0.000000
vn -0.419476 -0.907766 0.000000
vn -0.690495 -0.723337 0.000001
vn -0.749711 -0.661766 -0.000012
vn -0.755490 -0.655160 0.000002
vn -0.419479 -0.907765 0.000000
vn -0.396010 -0.918246 -0.000019
vn 0.009517 -0.999955 -0.000007
vn 0.017820 -0.999841 -0.000000
vn 0.010027 -0.999950 0.000001
vn 0.017820 -0.999841 0.000001
vn 0.017819 -0.999841 0.000000
vn 0.017819 -0.999841 0.000000
vn 0.017819 -0.999841 0.000000
vn 0.017819 -0.999841 0.000000
vn 0.017819 -0.999841 0.000000
vn 0.017822 -0.999841 0.000005
vn 0.999842 0.017803 0.000000
vn 0.999841 0.017813 0.000000
vn 0.999841 0.017813 0.000000
vn 0.999842 0.017803 0.000000
vn 0.720977 -0.692959 0.000057
vn 0.720977 -0.692959 0.000057
vn 0.720958 -0.692979 -0.000036
vn 0.720787 -0.693157 -0.000197
vn 0.999841 0.017818 -0.000001
vn 0.999842 0.017804 -0.000002
vn 0.999842 0.017803 -0.000000
vn 0.999841 0.017817 -0.000002
vn -0.017817 0.999841 -0.000000
vn -0.017817 0.999841 0.000000
vn -0.017817 0.999841 0.000000
vn -0.017817 0.999841 -0.000000
vn 0.962444 0.271482 0.000058
vn 0.962443 0.271482 0.000058
vn 0.962439 0.271497 0.000028
vn 0.962455 0.271442 -0.000030
vn -0.017792 0.999842 0.000008
vn -0.017817 0.999841 -0.000000
vn -0.017817 0.999841 -0.000000
vn -0.017792 0.999842 0.000008
vn 0.017828 -0.999841 -0.000000
vn 0.017828 -0.999841 0.000000
vn 0.017828 -0.999841 0.000000
vn 0.017828 -0.999841 -0.000000
vn 0.971504 -0.237022 -0.000058
vn 0.971505 -0.237019 -0.000058
vn 0.971501 -0.237037 -0.000029
vn 0.971516 -0.236976 0.000033
vn 0.999841 0.017818 -0.000000
vn 0.999841 0.017822 -0.000000
vn 0.999841 0.017822 -0.000000
vn 0.999841 0.017818 -0.000000
vn 0.017854 -0.999841 -0.000008
vn 0.017829 -0.999841 -0.000001
vn 0.017829 -0.999841 -0.000001
vn 0.017854 -0.999841 -0.000008
vn 0.999841 0.017822 -0.000000
vn 0.999841 0.017821 0.000000
vn 0.999841 0.017821 0.000000
vn 0.999841 0.017822 -0.000000
vn 0.695810 0.718226 -0.000056
vn 0.695810 0.718226 -0.000056
vn 0.695790 0.718245 0.000036
vn 0.695614 0.718416 0.000195
vn -0.017819 0.999841 -0.000000
vn -0.017818 0.999841 0.000000
vn -0.017819 0.999841 0.000000
vn -0.017818 0.999841 0.000000
vn -0.017816 0.999841 -0.000005
vn -0.017819 0.999841 0.000000
vn -0.008318 -0.000159 0.999965
vn 0.000000 0.000000 1.000000
vn -0.412250 -0.007379 0.911041
vn -0.008053 -0.000143 0.999968
vn -0.435519 -0.007761 0.900146
vn -0.000000 0.000000 1.000000
vn -0.435519 -0.007761 0.900146
vn -0.452871 -0.008071 0.891540
vn -0.707875 -0.012613 0.706225
vn -0.774218 -0.013664 0.632772
vn -0.762712 -0.013594 0.646595
vn -0.708803 -0.012634 0.705293
vn -0.754353 -0.013485 0.656330
vn -0.777902 -0.013997 0.628229
vn -0.701275 -0.012498 -0.712781
vn -0.763092 -0.013591 -0.646147
vn -0.774273 -0.013668 -0.632704
vn -0.451508 -0.008046 -0.892231
vn -0.435519 -0.007762 -0.900146
vn -0.702606 -0.012525 -0.711469
vn -0.761263 -0.013554 -0.648301
vn -0.765956 -0.013655 -0.642748
vn -0.435519 -0.007762 -0.900146
vn -0.412238 -0.007327 -0.911047
vn -0.008301 -0.000142 -0.999966
vn 0.000000 0.000000 -1.000000
vn -0.007791 -0.000139 -0.999970
vn 0.000000 0.000000 -1.000000
vn 0.000000 0.000000 -1.000000
vn 0.000000 0.000000 -1.000000
vn -0.000000 0.000000 -1.000000
vn -0.000000 0.000000 -1.000000
vn -0.000000 0.000000 -1.000000
vn 0.000003 -0.000005 -1.000000
vn 0.999841 0.017818 -0.000003
vn 0.999841 0.017819 0.000002
vn 0.999841 0.017819 0.000002
vn 0.999841 0.017818 -0.000003
vn 0.708396 0.012568 -0.705704
vn 0.708396 0.012568 -0.705704
vn 0.708375 0.012661 -0.705723
vn 0.708202 0.012815 -0.705894
vn 0.999841 0.017818 0.000006
vn 0.999841 0.017819 -0.000003
vn 0.999841 0.017819 -0.000003
vn 0.999841 0.017819 0.000005
vn 0.000425 -0.001482 0.999999
vn 0.109550 -0.058535 0.992256
vn 0.109450 -0.058501 0.992269
vn 0.000425 -0.001480 0.999999
vn 0.967959 0.017178 0.250519
vn 0.967960 0.017178 0.250517
vn 0.967954 0.017221 0.250537
vn 0.967967 0.017284 0.250480
vn 0.000025 -0.000006 1.000000
vn 0.000002 0.000001 1.000000
vn 0.000002 0.000001 1.000000
vn 0.000025 -0.000006 1.000000
vn -0.121136 0.063295 -0.990616
vn -0.000487 0.001678 -0.999999
vn -0.000487 0.001678 -0.999999
vn -0.121194 0.063313 -0.990608
vn 0.962807 0.024453 -0.269082
vn 0.962824 0.024418 -0.269025
vn 0.962088 0.025171 -0.271577
vn 0.961883 0.025135 -0.272304
vn 0.999841 0.017818 0.000003
vn 0.999841 0.017818 0.000002
vn 0.999841 0.017818 0.000002
vn 0.999841 0.017818 0.000003
vn -0.175815 -0.033958 -0.983837
vn -0.140353 0.063791 -0.988045
vn -0.159993 0.056280 -0.985513
vn -0.167108 -0.037643 -0.985220
vn 0.999841 0.017818 0.000002
vn 0.999841 0.017819 0.000001
vn 0.999841 0.017819 0.000001
vn 0.999841 0.017818 0.000001
vn 0.707864 0.012668 0.706235
vn 0.707864 0.012668 0.706235
vn 0.707858 0.012564 0.706243
vn 0.707785 0.012480 0.706318
vn -0.000000 -0.000000 1.000000
vn -0.000000 0.000000 1.000000
vn -0.000000 0.000000 1.000000
vn 0.000000 0.000000 1.000000
vn 0.000003 0.000004 1.000000
vn -0.000000 0.000000 1.000000
vn -0.999087 -0.017807 0.038847
vn -0.999135 -0.017804 0.037574
vn -0.999021 -0.017799 0.040499
vn -0.999841 -0.017819 0.000001
vn -0.999841 -0.017820 -0.000000
vn -0.997364 -0.058853 0.042453
vn -0.999841 -0.017818 0.000000
vn -0.999841 -0.017818 0.000000
vn -0.999841 -0.017817 0.000000
vn -0.999841 -0.017821 0.000000
vn -0.999841 -0.017818 0.000000
vn -0.999841 -0.017821 -0.000000
vn -0.998399 -0.056556 -0.000000
vn -0.998333 -0.057724 0.000004
vn -0.998357 -0.057296 0.000003
vn -0.997286 -0.061043 -0.041172
vn -0.999044 -0.017809 -0.039923
vn -0.998239 -0.059321 -0.000065
vn -0.998328 -0.057797 0.000055
vn -0.998330 -0.057763 -0.000056
vn -0.999841 -0.017821 0.000000
vn -0.999841 -0.017819 0.000000
vn -0.999841 -0.017819 0.000001
vn -0.999841 -0.017818 -0.000000
vn -0.999841 -0.017817 -0.000000
vn -0.999841 -0.017819 0.000001
vn -0.999128 -0.017807 -0.037766
vn -0.999841 -0.017821 0.000000
vn -0.999841 -0.017818 0.000000
vn -0.999149 -0.017811 -0.037207
vn -0.999989 0.004676 0.000000
vn -0.999989 0.004600 -0.000001
vn -0.999979 0.006437 -0.000001
vn -0.999841 -0.017816 0.000000
vn -0.999841 -0.017818 0.000000
vn -0.999159 0.007500 0.040305
vn -0.999841 -0.017819 0.000002
vn -0.999841 -0.017819 0.000002
vn -0.999841 -0.017824 0.000002
vn -0.999841 -0.017819 0.000002
vn -0.998760 -0.017891 0.046463
vn -0.999219 -0.017826 0.035264
vn -0.999841 -0.017815 0.000000
vn -0.999841 -0.017819 0.000000
vn -0.998815 -0.017716 0.045336
vn -0.998756 -0.017889 -0.046539
vn -0.998817 -0.017714 -0.045277
vn -0.999196 -0.017808 -0.035909
vn -0.999841 -0.017819 -0.000001
vn -0.999841 -0.017819 -0.000000
vn -0.999106 0.007021 -0.041701
vn -0.999841 -0.017819 -0.000002
vn -0.999841 -0.017818 -0.000001
vn -0.999841 -0.017824 -0.000002
vn -0.999841 -0.017816 0.000000
vn -0.999841 -0.017819 0.000000
vn -0.999841 -0.017816 0.000001
vn -0.999989 0.004708 0.000020
vn -0.999981 0.006249 -0.000021
vn -0.999989 0.004712 -0.000018
vn -0.999841 -0.017824 0.000000
vn -0.999841 -0.017824 0.000000
vn -0.999841 -0.017817 0.000000
vn -0.999841 -0.017817 0.000000
vn -0.017790 0.999842 0.000008
vn -0.017790 0.999842 0.000008
vn 0.000026 -0.000006 1.000000
vn 0.000026 -0.000006 1.000000
vn 0.017846 -0.999841 0.000006
vn 0.017846 -0.999841 0.000006
vn 0.000028 -0.000006 -1.000000
vn 0.000028 -0.000006 -1.000000
vn 0.000004 -0.000006 1.000000
vn -0.017815 0.999841 0.000006
vn 0.000004 -0.000006 -1.000000
vn 0.017822 -0.999841 0.000005
vn 0.017822 -0.999841 -0.000006
vn -0.017788 0.999842 -0.000007
vn -0.017788 0.999842 -0.000007
vn 0.017856 -0.999841 -0.000008
vn 0.017856 -0.999841 -0.000008
vn -0.017815 0.999841 -0.000005
vn 0.000004 0.000004 -1.000000
vn 0.145052 0.042658 0.988504
vn 0.145052 0.042658 0.988504
vn -0.163832 -0.039027 -0.985716
vn -0.163832 -0.039027 -0.985716
vn 0.000004 0.000004 1.000000
vn 0.841729 -0.368678 0.394422
vn 0.841729 -0.368678 0.394422
vn 0.827870 0.409238 0.383609
vn 0.827870 0.409238 0.383609
vn 0.828062 0.398437 -0.394413
vn 0.828062 0.398437 -0.394413
vn 0.841924 -0.379468 -0.383625
vn 0.841924 -0.379468 -0.383625
vn 0.985275 -0.114183 -0.127259
vn 0.985275 -0.114183 -0.127259
vn -0.010575 0.999944 -0.000002
vn -0.008955 0.999960 -0.000005
vn 0.399235 0.916849 -0.000017
vn 0.384966 0.922931 -0.000015
vn -0.000262 0.708484 -0.705727
vn -0.012832 0.708248 -0.705847
vn -0.012832 0.708248 -0.705847
vn -0.000385 0.708482 -0.705728
vn 0.401330 0.007178 -0.915905
vn 0.415571 0.007411 -0.909531
vn 0.008814 0.000160 -0.999961
vn 0.007130 0.000132 -0.999975
vn 0.529996 0.604546 -0.594667
vn 0.554118 0.593611 -0.583591
vn 0.554118 0.593611 -0.583591
vn 0.530046 0.604524 -0.594645
vn -0.017819 0.999841 0.000000
vn -0.017819 0.999841 0.000000
vn -0.017819 0.999841 0.000001
vn -0.017819 0.999841 0.000001
vn -0.012217 0.707005 -0.707103
vn -0.012201 0.707006 -0.707103
vn -0.012201 0.707006 -0.707103
vn -0.012217 0.707005 -0.707103
vn -0.000000 0.000000 -1.000000
vn -0.000000 0.000000 -1.000000
vn -0.000000 0.000000 -1.000000
vn -0.000000 0.000000 -1.000000
vn 0.007249 0.000127 -0.999974
vn 0.008701 0.000151 -0.999962
vn 0.414301 0.007371 -0.910110
vn 0.401327 0.007142 -0.915907
vn 0.024935 -0.705393 -0.708377
vn 0.012368 -0.705738 -0.708365
vn 0.012368 -0.705738 -0.708365
vn 0.024813 -0.705397 -0.708378
vn 0.417651 -0.908608 -0.000026
vn 0.431778 -0.901980 -0.000006
vn 0.026631 -0.999645 -0.000002
vn 0.024947 -0.999689 -0.000004
vn 0.551198 -0.584936 -0.595004
vn 0.574918 -0.573437 -0.583643
vn 0.574918 -0.573438 -0.583643
vn 0.551247 -0.584913 -0.594982
vn -0.000000 0.000000 -1.000000
vn -0.000000 0.000000 -1.000000
vn -0.000000 0.000000 -1.000000
vn -0.000000 0.000000 -1.000000
vn 0.012983 -0.706998 -0.707096
vn 0.012998 -0.706998 -0.707096
vn 0.012998 -0.706998 -0.707096
vn 0.012983 -0.706998 -0.707096
vn 0.017819 -0.999841 0.000000
vn 0.017819 -0.999841 0.000000
vn 0.017819 -0.999841 0.000000
vn 0.017819 -0.999841 0.000000
vn 0.025061 -0.999686 0.000003
vn 0.026680 -0.999644 0.000007
vn 0.431650 -0.902041 0.000018
vn 0.417604 -0.908629 0.000016
vn 0.024983 -0.708054 0.705716
vn 0.012413 -0.708266 0.705837
vn 0.012413 -0.708266 0.705837
vn 0.024861 -0.708057 0.705717
vn 0.401361 0.007135 0.915892
vn 0.414459 0.007383 0.910038
vn 0.008656 0.000152 0.999963
vn 0.007134 0.000124 0.999975
vn 0.551204 -0.585286 0.594655
vn 0.574919 -0.573499 0.583581
vn 0.574919 -0.573499 0.583581
vn 0.551253 -0.585262 0.594633
vn 0.017819 -0.999841 0.000001
vn 0.017819 -0.999841 -0.000000
vn 0.017819 -0.999841 0.000000
vn 0.017819 -0.999841 0.000000
vn 0.012983 -0.706993 0.707101
vn 0.012998 -0.706993 0.707101
vn 0.012998 -0.706993 0.707101
vn 0.012983 -0.706993 0.707101
vn -0.000000 0.000000 1.000000
vn -0.000000 0.000000 1.000000
vn -0.000000 0.000000 1.000000
vn -0.000000 0.000000 1.000000
vn 0.007243 0.000132 0.999974
vn 0.008863 0.000164 0.999961
vn 0.415442 0.007421 0.909589
vn 0.401286 0.007167 0.915925
vn -0.000215 0.705833 0.708379
vn -0.012787 0.705729 0.708367
vn -0.012787 0.705729 0.708367
vn -0.000337 0.705832 0.708380
vn 0.385008 0.922913 0.000025
vn 0.399363 0.916793 0.000004
vn -0.009004 0.999960 0.000003
vn -0.010688 0.999943 0.000005
vn 0.530002 0.604199 0.595014
vn 0.554119 0.593551 0.583651
vn 0.554119 0.593551 0.583651
vn 0.530052 0.604178 0.594991
vn -0.000000 0.000000 1.000000
vn -0.000000 0.000000 1.000000
vn -0.000000 0.000000 1.000000
vn -0.000000 0.000000 1.000000
vn -0.012217 0.707000 0.707108
vn -0.012201 0.707000 0.707108
vn -0.012201 0.707000 0.707108
vn -0.012217 0.707000 0.707108
vn -0.017819 0.999841 -0.000000
vn -0.017819 0.999841 -0.000000
vn -0.017819 0.999841 -0.000000
vn -0.017819 0.999841 -0.000000
vn 0.007802 0.000133 -0.999970
vn 0.000000 0.000000 -1.000000
vn 0.407672 0.007245 -0.913100
vn 0.412155 0.007345 -0.911084
vn 0.008413 0.000150 -0.999965
vn 0.435519 0.007762 -0.900146
vn 0.435520 0.007762 -0.900146
vn -0.724190 0.689600 -0.000077
vn -0.723675 0.690140 0.000151
vn -0.723936 0.689867 0.000036
vn -0.724190 0.689600 -0.000077
vn -0.977128 -0.034870 0.209772
vn -0.975264 -0.024155 0.219721
vn -0.971655 -0.236305 0.006820
vn -0.973853 -0.226511 0.017440
vn -0.739471 0.033471 -0.672356
vn -0.713924 -0.012498 -0.700112
vn -0.713514 -0.012600 -0.700527
vn -0.725249 0.006974 -0.688452
vn -0.000000 0.000000 -1.000000
vn -0.000000 0.000000 -1.000000
vn -0.000000 0.000000 -1.000000
vn -0.974496 -0.017175 0.223748
vn -0.974508 -0.017357 0.223682
vn -0.974056 -0.017293 0.225647
vn -0.974029 -0.017489 0.225745
vn -0.708149 -0.012776 -0.705948
vn -0.708403 -0.012569 -0.705697
vn -0.708403 -0.012569 -0.705697
vn -0.708360 -0.012646 -0.705738
vn 0.025620 -0.999672 0.000007
vn 0.017820 -0.999841 0.000001
vn 0.423937 -0.905692 0.000020
vn 0.428386 -0.903596 0.000000
vn 0.026230 -0.999656 -0.000000
vn 0.451559 -0.892241 -0.000001
vn 0.451560 -0.892241 -0.000000
vn -0.712687 -0.012720 -0.701367
vn -0.712364 -0.012637 -0.701696
vn -0.712485 -0.012668 -0.701573
vn -0.712687 -0.012720 -0.701367
vn -0.981177 0.192321 0.017454
vn -0.979299 0.202305 0.006774
vn -0.973642 -0.011854 0.227775
vn -0.975541 -0.003817 0.219785
vn -0.726663 -0.685409 -0.046643
vn -0.701450 -0.712719 -0.000226
vn -0.701034 -0.713127 -0.000117
vn -0.712631 -0.701257 -0.019895
vn 0.017818 -0.999841 0.000000
vn 0.017818 -0.999841 -0.000001
vn 0.017818 -0.999841 -0.000001
vn -0.978480 0.206340 -0.000192
vn -0.978495 0.206273 -0.000010
vn -0.978075 0.208255 -0.000066
vn -0.978054 0.208353 0.000130
vn -0.695562 -0.718467 0.000155
vn -0.695815 -0.718222 -0.000057
vn -0.695815 -0.718222 -0.000057
vn -0.695773 -0.718261 0.000021
vn 0.008074 0.000154 0.999967
vn -0.000000 0.000000 1.000000
vn 0.409826 0.007337 0.912134
vn 0.412156 0.007345 0.911084
vn 0.008404 0.000150 0.999965
vn 0.435519 0.007762 0.900146
vn 0.435519 0.007762 0.900146
vn -0.699150 -0.714975 0.000078
vn -0.698615 -0.715497 -0.000151
vn -0.698886 -0.715233 -0.000035
vn -0.699150 -0.714975 0.000078
vn -0.978270 -0.005673 -0.207255
vn -0.976766 -0.013397 -0.213888
vn -0.979457 0.201539 -0.006820
vn -0.981304 0.191671 -0.017440
vn -0.732666 -0.046709 0.678984
vn -0.715271 -0.012906 0.698728
vn -0.715085 -0.012873 0.698919
vn -0.722811 -0.026937 0.690521
vn -0.000000 0.000000 1.000000
vn -0.000000 0.000000 1.000000
vn -0.000000 0.000000 1.000000
vn -0.975876 -0.015949 -0.217742
vn -0.975725 -0.016214 -0.218397
vn -0.975967 -0.017545 -0.217212
vn -0.975908 -0.017707 -0.217463
vn -0.707738 -0.012500 0.706364
vn -0.707864 -0.012668 0.706235
vn -0.707864 -0.012668 0.706235
vn -0.707830 -0.012573 0.706271
vn -0.010016 0.999950 -0.000006
vn -0.017819 0.999841 0.000000
vn 0.391399 0.920221 -0.000020
vn 0.395919 0.918285 -0.000000
vn -0.009406 0.999956 -0.000000
vn 0.419481 0.907764 -0.000000
vn 0.419481 0.907764 0.000000
vn -0.711672 -0.012607 0.702399
vn -0.711144 -0.012825 0.702929
vn -0.711411 -0.012715 0.702661
vn -0.711672 -0.012607 0.702399
vn -0.973701 -0.227159 -0.017454
vn -0.971469 -0.237069 -0.006774
vn -0.975434 -0.024205 -0.218958
vn -0.977267 -0.034859 -0.209126
vn -0.750622 0.659083 0.046643
vn -0.726398 0.687274 0.000226
vn -0.725998 0.687697 0.000116
vn -0.737164 0.675421 0.019896
vn -0.017818 0.999841 -0.000000
vn -0.017819 0.999841 0.000000
vn -0.017818 0.999841 0.000000
vn -0.970506 -0.241078 0.000192
vn -0.970522 -0.241012 0.000011
vn -0.970034 -0.242971 0.000066
vn -0.970009 -0.243069 -0.000130
vn -0.720729 0.693217 -0.000156
vn -0.720974 0.692962 0.000056
vn -0.720974 0.692962 0.000056
vn -0.720934 0.693004 -0.000022
vn -0.999841 -0.017819 -0.000008
vn -0.999841 -0.017819 -0.000008
vn -0.999841 -0.017819 -0.000008
vn -0.999841 -0.017819 -0.000008
vn 0.010750 -0.705231 -0.708896
vn 0.010750 -0.705231 -0.708897
vn 0.010750 -0.705231 -0.708897
vn 0.010750 -0.705231 -0.708897
vn -0.999841 -0.017825 -0.000001
vn -0.999841 -0.017826 0.000000
vn -0.999841 -0.017826 -0.000000
vn -0.999841 -0.017825 -0.000000
vn -0.999841 -0.017827 0.000000
vn -0.999841 -0.017827 0.000000
vn -0.999841 -0.017828 -0.000000
vn -0.999841 -0.017827 0.000001
vn 0.010813 -0.708825 0.705301
vn 0.010813 -0.708825 0.705301
vn 0.010813 -0.708825 0.705301
vn 0.010813 -0.708825 0.705301
vn -0.999841 -0.017819 0.000008
vn -0.999841 -0.017819 0.000008
vn -0.999841 -0.017819 0.000008
vn -0.999841 -0.017819 0.000008
vn 0.017817 -0.999841 0.000000
vn 0.017817 -0.999841 0.000000
vn 0.017817 -0.999841 0.000000
vn 0.017817 -0.999841 0.000000
vn -0.999841 -0.017827 -0.000000
vn -0.999841 -0.017827 0.000000
vn -0.999841 -0.017827 0.000000
vn -0.999841 -0.017827 -0.000000
vn -0.999841 -0.017816 -0.000000
vn -0.999841 -0.017815 0.000000
vn -0.999841 -0.017816 0.000000
vn -0.999841 -0.017816 -0.000001
vn -0.023029 0.695840 -0.717828
vn -0.023029 0.695840 -0.717828
vn -0.023029 0.695840 -0.717828
vn -0.023029 0.695839 -0.717828
vn -0.999841 -0.017819 -0.000004
vn -0.999841 -0.017819 -0.000004
vn -0.999841 -0.017819 -0.000004
vn -0.999841 -0.017819 -0.000004
vn -0.118451 0.058746 -0.991221
vn -0.143917 0.050865 -0.988282
vn -0.139614 -0.038962 -0.989439
vn -0.152683 -0.027596 -0.987890
vn -0.999841 -0.017819 -0.000007
vn -0.999841 -0.017819 -0.000007
vn -0.999841 -0.017819 -0.000007
vn -0.999841 -0.017819 -0.000007
vn 0.999841 0.017821 0.000036
vn 0.999841 0.017821 0.000034
vn 0.999841 0.017820 0.000031
vn 0.999841 0.017821 0.000036
vn -0.006685 0.717330 0.696702
vn -0.006685 0.717330 0.696702
vn -0.006685 0.717330 0.696702
vn -0.006685 0.717330 0.696702
vn -0.999841 -0.017810 0.000001
vn -0.999842 -0.017809 -0.000000
vn -0.999842 -0.017809 -0.000000
vn -0.999841 -0.017810 0.000000
vn -0.017815 0.999841 0.000001
vn -0.017815 0.999841 0.000001
vn -0.017820 0.999841 0.000001
vn -0.017820 0.999841 0.000001
vn -0.999841 -0.017807 -0.000000
vn -0.999842 -0.017807 0.000000
vn -0.999842 -0.017807 0.000000
vn -0.999842 -0.017807 0.000000
vn -0.000000 0.000000 1.000000
vn -0.000000 0.000000 1.000000
vn -0.000000 0.000000 1.000000
vn -0.000000 0.000000 1.000000
vn -0.999841 -0.017819 0.000006
vn -0.999841 -0.017819 0.000006
vn -0.999841 -0.017819 0.000006
vn -0.999841 -0.017819 0.000006
vn 0.419481 0.907764 0.000001
vn 0.419479 0.907765 0.000001
vn 0.419480 0.907765 -0.000001
vn 0.553819 0.592083 0.585425
vn 0.575021 0.581856 0.575148
vn 0.575184 0.581776 0.575066
vn 0.553820 0.592083 0.585424
vn 0.435519 0.007762 0.900146
vn 0.435519 0.007761 0.900146
vn 0.435519 0.007762 0.900146
vn 0.435519 0.007762 0.900146
vn 0.435519 0.007761 -0.900146
vn 0.435519 0.007762 -0.900146
vn 0.435519 0.007762 -0.900146
vn 0.553760 0.595384 -0.582123
vn 0.574956 0.585484 -0.571519
vn 0.575119 0.585405 -0.571437
vn 0.553761 0.595383 -0.582124
vn 0.419480 0.907764 0.000000
vn 0.419480 0.907764 0.000001
vn 0.419478 0.907765 0.000000
vn 0.419479 0.907765 0.000001
vn 0.709484 0.068074 0.701427
vn 0.760112 0.043501 0.648335
vn 0.748536 0.662432 0.029620
vn 0.697092 0.714897 0.054629
vn 0.444522 0.007931 0.895733
vn 0.455220 0.008125 0.890342
vn 0.702550 0.012536 0.711524
vn 0.689689 0.724106 0.000022
vn 0.439372 0.898305 0.000013
vn 0.428524 0.903531 0.000004
vn 0.749349 0.662175 0.000106
vn 0.755461 0.655193 -0.000088
vn 0.690373 0.723454 -0.000001
vn 0.433922 0.900950 0.000001
vn 0.419479 0.907765 0.000000
vn 0.691419 0.722454 0.000000
vn 0.436277 0.899813 -0.000000
vn 0.451558 -0.892242 0.000000
vn 0.451558 -0.892242 0.000000
vn 0.451559 -0.892241 -0.000001
vn 0.574216 -0.571246 -0.586476
vn 0.602479 -0.551818 -0.576642
vn 0.598639 -0.554484 -0.578082
vn 0.574217 -0.571246 -0.586474
vn 0.435519 0.007762 -0.900146
vn 0.435519 0.007762 -0.900146
vn 0.435519 0.007762 -0.900146
vn 0.435520 0.007761 -0.900146
vn 0.697271 0.714748 -0.054304
vn 0.748761 0.662189 -0.029391
vn 0.759327 0.043087 -0.649282
vn 0.708583 0.067049 -0.702434
vn 0.428560 0.903513 -0.000008
vn 0.439355 0.898314 -0.000012
vn 0.689874 0.723930 -0.000016
vn 0.702452 0.012541 -0.711620
vn 0.455238 0.008126 -0.890333
vn 0.444486 0.007924 -0.895751
vn 0.760751 0.013564 -0.648903
vn 0.764772 0.013630 -0.644156
vn 0.702487 0.012519 -0.711586
vn 0.449801 0.008017 -0.893093
vn 0.435518 0.007762 -0.900146
vn 0.701233 0.012497 -0.712823
vn 0.451503 0.008047 -0.892233
vn 0.435521 0.007761 0.900145
vn 0.435520 0.007761 0.900145
vn 0.435519 0.007762 0.900146
vn 0.574253 -0.576396 0.581378
vn 0.598482 -0.560451 0.572463
vn 0.602976 -0.557348 0.570774
vn 0.574255 -0.576394 0.581379
vn 0.451559 -0.892241 0.000001
vn 0.451558 -0.892242 0.000001
vn 0.451558 -0.892242 -0.000001
vn 0.451557 -0.892243 -0.000001
vn 0.708256 -0.032302 -0.705217
vn 0.755758 -0.004483 -0.654836
vn 0.857422 -0.513804 -0.028868
vn 0.812808 -0.580964 -0.042717
vn 0.443492 0.007891 -0.896244
vn 0.452917 0.008051 -0.891517
vn 0.695386 0.012343 -0.718531
vn 0.816252 -0.577697 -0.000082
vn 0.480436 -0.877030 -0.000061
vn 0.465852 -0.884863 -0.000023
vn 0.855687 -0.517495 -0.000002
vn 0.858513 -0.512791 0.000000
vn 0.816803 -0.576916 0.000003
vn 0.471727 -0.881745 -0.000002
vn 0.451559 -0.892241 0.000000
vn 0.817946 -0.575295 -0.000001
vn 0.475060 -0.879954 0.000001
vn 0.813261 -0.580334 0.042657
vn 0.857663 -0.513404 0.028811
vn 0.755463 -0.004594 0.655175
vn 0.708119 -0.032335 0.705352
vn 0.465920 -0.884827 0.000039
vn 0.480365 -0.877069 0.000056
vn 0.816277 -0.577661 0.000062
vn 0.695362 0.012347 0.718554
vn 0.452963 0.008051 0.891493
vn 0.443423 0.007894 0.896278
vn 0.754210 0.013443 0.656495
vn 0.777713 0.013993 0.628463
vn 0.708786 0.012630 0.705311
vn 0.451906 0.008054 0.892029
vn 0.435519 0.007761 0.900146
vn 0.707934 0.012614 0.706166
vn 0.452817 0.008071 0.891567
vn 0.408068 0.007271 0.912923
vn 0.435519 0.007762 0.900146
vn 0.435518 0.007762 0.900146
vn 0.449811 0.008016 0.893088
vn 0.435519 0.007762 0.900146
vn 0.435519 0.007762 0.900146
vn 0.424333 -0.905506 -0.000002
vn 0.451559 -0.892241 0.000000
vn 0.451559 -0.892241 0.000000
vn 0.471760 -0.881727 -0.000001
vn 0.451559 -0.892241 0.000000
vn 0.451559 -0.892241 0.000000
vn 0.410126 0.007311 -0.912000
vn 0.435518 0.007762 -0.900146
vn 0.435518 0.007762 -0.900147
vn 0.451875 0.008052 -0.892045
vn 0.435519 0.007761 -0.900146
vn 0.435518 0.007762 -0.900146
vn 0.391800 0.920051 0.000002
vn 0.419480 0.907764 -0.000000
vn 0.419479 0.907765 0.000000
vn 0.433933 0.900945 0.000001
vn 0.419480 0.907764 -0.000001
vn 0.419479 0.907765 0.000000
vn 0.000000 0.000000 -1.000000
vn -0.000000 0.000000 -1.000000
vn 0.017820 -0.999841 -0.000000
vn 0.017818 -0.999841 -0.000001
vn 0.000000 0.000000 1.000000
vn -0.000000 0.000000 1.000000
vn -0.017819 0.999841 0.000000
vn -0.017819 0.999841 0.000000
vn 0.026100 -0.999659 -0.000007
vn 0.017819 -0.999841 -0.000001
vn 0.428514 -0.903535 -0.000019
vn 0.025591 -0.999673 0.000000
vn 0.451560 -0.892241 0.000000
vn 0.017819 -0.999841 0.000000
vn 0.451559 -0.892241 0.000000
vn 0.475016 -0.879977 -0.000000
vn 0.858737 -0.512417 -0.000001
vn 0.858893 -0.512155 0.000034
vn 0.817773 -0.575540 -0.000000
vn 0.816942 -0.576719 0.000002
vn 0.858903 -0.512138 -0.000034
vn 0.856016 -0.516949 0.000027
vn 0.755498 0.655151 0.000087
vn 0.755253 0.655433 0.000006
vn 0.691504 0.722373 -0.000000
vn 0.436263 0.899819 0.000000
vn 0.419478 0.907765 0.000000
vn 0.690518 0.723315 -0.000001
vn 0.755378 0.655289 -0.000002
vn 0.749593 0.661899 0.000007
vn 0.419481 0.907764 0.000000
vn 0.396048 0.918230 0.000018
vn -0.009535 0.999955 0.000006
vn -0.017819 0.999841 -0.000000
vn -0.010045 0.999950 -0.000000
vn -0.017819 0.999841 0.000000
vn -0.017819 0.999841 0.000000
vn -0.017818 0.999841 0.000000
vn -0.017818 0.999841 0.000000
vn -0.017819 0.999841 -0.000000
vn -0.017819 0.999841 0.000000
vn -0.017818 0.999841 -0.000000
vn -0.970528 -0.240990 0.000074
vn -0.970528 -0.240990 0.000074
vn -0.970528 -0.240990 -0.000074
vn -0.970528 -0.240990 -0.000074
vn -0.720974 0.692962 -0.000056
vn -0.720785 0.693158 0.000194
vn -0.720955 0.692982 0.000036
vn -0.720974 0.692962 -0.000056
vn -0.970170 -0.242427 0.000042
vn -0.970176 -0.242401 -0.000156
vn -0.970520 -0.241021 -0.000015
vn -0.970499 -0.241107 -0.000206
vn 0.017817 -0.999841 0.000000
vn 0.017817 -0.999841 0.000000
vn 0.017817 -0.999841 0.000000
vn 0.017817 -0.999841 0.000000
vn -0.999841 -0.017825 -0.000000
vn -0.999841 -0.017825 0.000000
vn -0.999841 -0.017825 0.000000
vn -0.999841 -0.017825 -0.000000
vn 0.017817 -0.999841 0.000000
vn 0.017817 -0.999841 0.000000
vn 0.017817 -0.999841 0.000000
vn 0.017817 -0.999841 0.000000
vn -0.017814 0.999841 0.000000
vn -0.017814 0.999841 0.000000
vn -0.017814 0.999841 0.000000
vn -0.017814 0.999841 0.000000
vn -0.999841 -0.017808 -0.000000
vn -0.999841 -0.017808 0.000000
vn -0.999842 -0.017808 -0.000000
vn -0.999842 -0.017808 -0.000000
vn -0.978499 0.206251 0.000074
vn -0.978499 0.206251 0.000074
vn -0.978499 0.206252 -0.000074
vn -0.978499 0.206252 -0.000074
vn -0.017814 0.999841 -0.000000
vn -0.017814 0.999841 -0.000000
vn -0.017814 0.999841 0.000000
vn -0.017814 0.999841 0.000000
vn -0.978492 0.206283 0.000015
vn -0.978474 0.206369 0.000205
vn -0.978191 0.207709 -0.000042
vn -0.978196 0.207683 0.000156
vn -0.695815 -0.718221 0.000057
vn -0.695619 -0.718411 -0.000195
vn -0.695795 -0.718240 -0.000036
vn -0.695815 -0.718221 0.000057
vn 0.017818 -0.999841 -0.000001
vn 0.017818 -0.999841 0.000001
vn 0.017818 -0.999841 0.000001
vn 0.017818 -0.999841 0.000000
vn 0.017818 -0.999841 0.000000
vn 0.017818 -0.999841 -0.000000
vn 0.008300 0.000158 -0.999966
vn -0.000000 0.000000 -1.000000
vn 0.412293 0.007379 -0.911021
vn 0.008035 0.000143 -0.999968
vn 0.435520 0.007762 -0.900146
vn -0.000000 0.000000 -1.000000
vn 0.435518 0.007762 -0.900147
vn 0.452845 0.008070 -0.891553
vn 0.762605 0.013592 -0.646721
vn 0.774097 0.013665 -0.632919
vn 0.707894 0.012616 -0.706206
vn 0.708822 0.012633 -0.705274
vn 0.777780 0.013992 -0.628381
vn 0.754250 0.013479 -0.656449
vn 0.774153 0.013669 0.632851
vn 0.762979 0.013589 0.646280
vn 0.701299 0.012500 0.712758
vn 0.451484 0.008045 0.892243
vn 0.435519 0.007762 0.900146
vn 0.702630 0.012523 0.711445
vn 0.765842 0.013650 0.642884
vn 0.761148 0.013558 0.648436
vn 0.435519 0.007761 0.900146
vn 0.412283 0.007329 0.911026
vn 0.008283 0.000141 0.999966
vn -0.000000 0.000000 1.000000
vn 0.007773 0.000139 0.999970
vn -0.000000 0.000000 1.000000
vn -0.000000 0.000000 1.000000
vn 0.000000 0.000000 1.000000
vn -0.000000 0.000000 1.000000
vn -0.000000 0.000000 1.000000
vn -0.000000 0.000000 1.000000
vn 0.000000 0.000000 1.000000
vn -0.974511 -0.017442 -0.223660
vn -0.974511 -0.017442 -0.223660
vn -0.975448 -0.016601 -0.219604
vn -0.975447 -0.016601 -0.219606
vn -0.708402 -0.012568 0.705698
vn -0.708205 -0.012815 0.705890
vn -0.708381 -0.012661 0.705717
vn -0.708402 -0.012568 0.705698
vn -0.974179 -0.017404 -0.225105
vn -0.974189 -0.017205 -0.225079
vn -0.974506 -0.017352 -0.223691
vn -0.974489 -0.017161 -0.223777
vn -0.000387 0.001492 -0.999999
vn -0.000387 0.001492 -0.999999
vn -0.102394 0.057844 -0.993061
vn -0.102393 0.057844 -0.993061
vn -0.999841 -0.017819 -0.000006
vn -0.999841 -0.017819 -0.000006
vn -0.999841 -0.017819 -0.000006
vn -0.999841 -0.017819 -0.000006
vn 0.000000 0.000000 -1.000000
vn 0.000000 0.000000 -1.000000
vn 0.000000 0.000000 -1.000000
vn 0.000000 0.000000 -1.000000
vn 0.036093 -0.093430 0.994971
vn 0.036095 -0.093435 0.994971
vn 0.000438 -0.001691 0.999999
vn 0.000439 -0.001692 0.999999
vn -0.999841 -0.017820 0.000013
vn -0.999841 -0.017820 0.000015
vn 0.999841 0.017810 0.000019
vn -0.999841 -0.017820 0.000013
vn -0.974511 -0.017441 0.223660
vn -0.974511 -0.017441 0.223660
vn -0.972816 -0.018480 0.230842
vn -0.972817 -0.018479 0.230837
vn -0.049593 0.028879 0.998352
vn -0.037520 0.061197 0.997420
vn -0.007888 -0.160291 0.987038
vn 0.023081 -0.120462 0.992450
vn -0.972483 -0.018616 0.232231
vn -0.972348 -0.018625 0.232793
vn -0.972376 -0.016773 0.232818
vn -0.972320 -0.016835 0.233044
vn -0.707869 -0.012668 -0.706230
vn -0.707790 -0.012481 -0.706312
vn -0.707862 -0.012563 -0.706239
vn -0.707869 -0.012668 -0.706230
vn -0.000000 0.000000 -1.000000
vn -0.000000 0.000000 -1.000000
vn -0.000000 0.000000 -1.000000
vn -0.000000 0.000000 -1.000000
vn -0.000000 0.000000 -1.000000
vn 0.000000 0.000000 -1.000000
vn 0.999091 0.017806 -0.038721
vn 0.999140 0.017804 -0.037450
vn 0.999026 0.017801 -0.040386
vn 0.999841 0.017821 -0.000000
vn 0.999841 0.017818 -0.000001
vn 0.997374 0.058748 -0.042367
vn 0.999841 0.017818 0.000000
vn 0.999841 0.017817 0.000000
vn 0.999841 0.017818 -0.000000
vn 0.999841 0.017822 0.000000
vn 0.999841 0.017822 0.000000
vn 0.999841 0.017818 0.000000
vn 0.998340 0.057596 -0.000004
vn 0.998407 0.056431 0.000000
vn 0.998364 0.057172 -0.000003
vn 0.999049 0.017811 0.039796
vn 0.997295 0.060955 0.041069
vn 0.998246 0.059207 0.000067
vn 0.998336 0.057670 -0.000055
vn 0.998338 0.057636 0.000056
vn 0.999841 0.017822 0.000001
vn 0.999841 0.017822 0.000000
vn 0.999841 0.017820 -0.000001
vn 0.999841 0.017818 -0.000002
vn 0.999841 0.017817 -0.000000
vn 0.999841 0.017818 -0.000000
vn 0.999133 0.017808 0.037645
vn 0.999841 0.017818 0.000000
vn 0.999841 0.017822 0.000000
vn 0.999153 0.017810 0.037090
vn 0.999989 -0.004614 0.000000
vn 0.999990 -0.004538 0.000001
vn 0.999980 -0.006380 0.000001
vn 0.999841 0.017818 -0.000000
vn 0.999841 0.017815 0.000000
vn 0.999164 -0.007456 -0.040200
vn 0.999841 0.017818 -0.000001
vn 0.999841 0.017819 -0.000001
vn 0.999841 0.017824 -0.000001
vn 0.999841 0.017819 -0.000001
vn 0.999223 0.017826 -0.035151
vn 0.998767 0.017889 -0.046313
vn 0.999841 0.017819 0.000000
vn 0.999841 0.017815 -0.000000
vn 0.998821 0.017717 -0.045191
vn 0.998763 0.017889 0.046388
vn 0.998824 0.017714 0.045133
vn 0.999200 0.017807 0.035810
vn 0.999841 0.017819 -0.000001
vn 0.999841 0.017819 0.000001
vn 0.999110 -0.006967 0.041612
vn 0.999841 0.017819 0.000001
vn 0.999841 0.017824 0.000001
vn 0.999841 0.017818 0.000001
vn 0.999841 0.017816 -0.000001
vn 0.999841 0.017816 -0.000000
vn 0.999841 0.017819 0.000000
vn 0.999981 -0.006184 0.000019
vn 0.999989 -0.004647 -0.000020
vn 0.999989 -0.004651 0.000018
vn 0.999841 0.017824 0.000000
vn 0.999841 0.017824 0.000000
vn 0.999841 0.017817 0.000000
vn 0.999841 0.017817 0.000000
vn 0.017817 -0.999841 0.000000
vn 0.017817 -0.999841 0.000000
vn 0.000000 0.000000 -1.000000
vn 0.000000 0.000000 -1.000000
vn -0.017820 0.999841 0.000000
vn -0.017820 0.999841 0.000000
vn -0.000000 0.000000 1.000000
vn -0.000000 0.000000 1.000000
vn -0.000000 0.000000 -1.000000
vn 0.017818 -0.999841 0.000000
vn -0.000000 0.000000 1.000000
vn -0.017819 0.999841 0.000000
vn -0.017818 0.999841 -0.000000
vn 0.017816 -0.999841 0.000000
vn 0.017816 -0.999841 0.000000
vn -0.017814 0.999841 -0.000000
vn -0.017814 0.999841 -0.000000
vn 0.017818 -0.999841 0.000001
vn -0.000000 0.000000 1.000000
vn -0.136333 -0.041808 -0.989780
vn -0.136333 -0.041808 -0.989780
vn -0.031749 0.076578 0.996558
vn -0.031749 0.076578 0.996558
vn 0.000000 0.000000 -1.000000
vn -0.841800 0.368589 -0.394354
vn -0.841800 0.368589 -0.394354
vn -0.827937 -0.409182 -0.383524
vn -0.827937 -0.409182 -0.383524
vn -0.828131 -0.398359 0.394345
vn -0.828131 -0.398359 0.394345
vn -0.841991 0.379413 0.383531
vn -0.841991 0.379413 0.383531
vn -0.999841 -0.017815 0.000003
vn -0.999841 -0.017815 0.000003
vn -0.187657 0.044503 0.981226
vn -0.179576 0.982468 0.050085
vn -0.177884 0.983246 0.039816
vn -0.186629 0.037865 0.981701
vn -0.177099 0.983033 -0.047765
vn -0.144657 0.046571 -0.988385
vn -0.143318 0.038140 -0.988942
vn -0.176350 0.983449 -0.041583
vn -0.171147 0.985246 0.000000
vn -0.171147 0.985246 0.000000
vn -0.171147 0.985246 0.000000
vn -0.171147 0.985246 0.000000
vn -0.154639 -0.986632 0.051419
vn -0.176465 0.021338 0.984076
vn -0.175311 0.029482 0.984072
vn -0.153019 -0.987345 0.041663
vn -0.170312 0.060157 0.983552
vn -0.177566 -0.085041 0.980428
vn -0.177619 -0.086617 0.980280
vn -0.170403 0.058795 0.983619
vn -0.150705 -0.107732 -0.982691
vn -0.151705 -0.987360 -0.045894
vn -0.150978 -0.987729 -0.039970
vn -0.149881 -0.101134 -0.983518
vn -0.145933 -0.989295 -0.000001
vn -0.145942 -0.989293 -0.000001
vn -0.145942 -0.989293 -0.000001
vn -0.145933 -0.989295 -0.000001
vn -0.136732 -0.002437 -0.990605
vn -0.136732 -0.002437 -0.990605
vn -0.136732 -0.002437 -0.990605
vn -0.136732 -0.002437 -0.990605
vn -0.171147 0.985246 0.000000
vn -0.171147 0.985246 0.000000
vn -0.171147 0.985246 0.000000
vn -0.171147 0.985246 0.000000
vn -0.171147 0.985246 0.000000
vn -0.171143 0.985246 0.000001
vn -0.171143 0.985246 0.000001
vn -0.171147 0.985246 0.000000
vn -0.145942 -0.989293 0.000000
vn -0.145942 -0.989293 0.000000
vn -0.145942 -0.989293 0.000000
vn -0.145942 -0.989293 0.000000
vn -0.145942 -0.989293 0.000000
vn -0.145938 -0.989294 -0.000001
vn -0.145938 -0.989294 -0.000001
vn -0.145942 -0.989293 0.000000
vn -0.178100 -0.094652 0.979450
vn -0.180040 -0.006151 0.983640
vn -0.180040 -0.006163 0.983640
vn -0.178099 -0.094697 0.979446
vn -0.180086 -0.003210 0.983646
vn -0.180087 -0.003209 0.983646
vn -0.180087 -0.003209 0.983646
vn -0.180086 -0.003210 0.983646
vn -0.136783 0.000956 -0.990601
vn -0.137290 0.101761 -0.985290
vn -0.137291 0.101569 -0.985310
vn -0.136782 0.000904 -0.990601
vn -0.137728 0.098066 -0.985604
vn -0.145672 -0.064483 -0.987229
vn -0.145637 -0.063600 -0.987292
vn -0.137659 0.099276 -0.985492
vn -0.061729 -0.952083 -0.299545
vn -0.122580 -0.929140 -0.348815
vn -0.023106 -0.917006 -0.398203
vn -0.023056 -0.916987 -0.398251
vn -0.269260 -0.894366 0.357224
vn -0.056994 -0.951940 -0.300936
vn -0.244950 -0.898257 0.364875
vn -0.667318 -0.743995 0.034037
vn -0.290769 -0.853512 0.432400
vn -0.715528 -0.693093 0.087414
vn -0.678454 -0.734532 0.012788
vn -0.121533 -0.927506 -0.353501
vn 0.022223 -0.951824 -0.305837
vn -0.023039 -0.916989 -0.398247
vn -0.023089 -0.917005 -0.398208
vn 0.288413 -0.897819 0.332775
vn 0.027168 -0.952029 -0.304800
vn 0.311669 -0.893840 0.322353
vn 0.310920 -0.858216 0.408404
vn -0.258306 -0.858782 0.442461
vn 0.081510 -0.928945 -0.361134
vn -0.023101 -0.917002 -0.398213
vn -0.023068 -0.916986 -0.398253
vn 0.667880 -0.742833 -0.046205
vn 0.080162 -0.927327 -0.365567
vn 0.676446 -0.733293 -0.068572
vn 0.722129 -0.691758 0.001131
vn 0.341896 -0.852985 0.394364
vn -0.127319 -0.893642 -0.430341
vn -0.073091 -0.870519 -0.486676
vn -0.023070 -0.917031 -0.398149
vn -0.023081 -0.917011 -0.398193
vn -0.699499 -0.511866 -0.498693
vn -0.125975 -0.895832 -0.426163
vn -0.708060 -0.521337 -0.476296
vn -0.343267 -0.360770 -0.867187
vn -0.750627 -0.440218 -0.492714
vn -0.370390 -0.279111 -0.885951
vn -0.320021 -0.356858 -0.877633
vn -0.068155 -0.871348 -0.485910
vn 0.011122 -0.871237 -0.490737
vn -0.023093 -0.917011 -0.398194
vn -0.023076 -0.917028 -0.398156
vn 0.213368 -0.356346 -0.909666
vn -0.339422 -0.273738 -0.899922
vn 0.229803 -0.273305 -0.934075
vn 0.237690 -0.360309 -0.902043
vn 0.015870 -0.870518 -0.491881
vn 0.076754 -0.893431 -0.442595
vn -0.023058 -0.917031 -0.398148
vn -0.023076 -0.917013 -0.398190
vn 0.635753 -0.510665 -0.578826
vn 0.262286 -0.278440 -0.923946
vn 0.687030 -0.439038 -0.578996
vn 0.646885 -0.520194 -0.557618
vn 0.075693 -0.895688 -0.438194
vn -0.023078 -0.917006 -0.398206
vn -0.023102 -0.917006 -0.398203
vn -0.730478 -0.680369 0.059159
vn -0.761955 -0.452979 -0.462855
vn -0.023070 -0.916987 -0.398249
vn -0.023064 -0.917026 -0.398161
vn 0.701974 -0.451622 -0.550700
vn 0.733449 -0.679134 -0.028794
vn -0.856239 -0.438273 0.273444
vn -0.335862 -0.634689 0.695964
vn -0.338714 -0.623966 0.704230
vn -0.859044 -0.427400 0.281731
vn -0.869587 -0.426843 0.248243
vn -0.306862 -0.639465 0.704926
vn 0.390380 -0.638686 0.663086
vn 0.390784 -0.628556 0.672462
vn -0.306436 -0.629146 0.714333
vn 0.418034 -0.634083 0.650528
vn 0.883721 -0.436501 0.168835
vn 0.887327 -0.425864 0.176890
vn 0.421606 -0.623292 0.658601
vn 0.893837 -0.425288 0.142077
vn -0.432482 0.060434 -0.899615
vn -0.898150 -0.136896 -0.417835
vn -0.901157 -0.123597 -0.415500
vn -0.435448 0.073851 -0.897179
vn -0.404822 0.065295 -0.912061
vn -0.908272 -0.148365 -0.391189
vn 0.292427 0.065798 -0.954022
vn -0.404628 0.079078 -0.911056
vn 0.292617 0.079711 -0.952902
vn 0.321435 0.061282 -0.944947
vn 0.841802 -0.135389 -0.522532
vn 0.324897 0.074497 -0.942811
vn 0.845219 -0.122031 -0.520301
vn 0.855155 -0.146562 -0.497222
vn -0.873854 -0.414824 0.253575
vn -0.912484 -0.136198 -0.385777
vn 0.860028 -0.134643 -0.492162
vn 0.898655 -0.413227 0.147181
vn -0.843516 -0.477198 0.246501
vn -0.329677 -0.671361 0.663768
vn -0.334689 -0.648560 0.683632
vn -0.851285 -0.453392 0.264101
vn -0.854979 -0.467478 0.224668
vn -0.304678 -0.675350 0.671620
vn 0.383873 -0.674794 0.630313
vn 0.386978 -0.652703 0.651327
vn -0.305275 -0.653289 0.692836
vn 0.407767 -0.670693 0.619595
vn 0.867727 -0.475762 0.143880
vn 0.877523 -0.451903 0.160432
vn 0.415080 -0.647914 0.638683
vn 0.876517 -0.465947 0.120881
vn -0.424354 0.012448 -0.905411
vn -0.884296 -0.182559 -0.429759
vn -0.892763 -0.153798 -0.423462
vn -0.430347 0.042245 -0.901675
vn -0.400457 0.016468 -0.916167
vn -0.893084 -0.192290 -0.406726
vn 0.288123 0.017127 -0.957440
vn -0.402240 0.047020 -0.914326
vn 0.290041 0.047623 -0.955829
vn 0.313114 0.013054 -0.949626
vn 0.826949 -0.181054 -0.532330
vn 0.319449 0.042882 -0.946633
vn 0.836043 -0.152302 -0.527102
vn 0.838409 -0.190857 -0.510533
vn -0.864787 -0.441916 0.238440
vn -0.903086 -0.165294 -0.396374
vn 0.849545 -0.163786 -0.501446
vn 0.887846 -0.440397 0.133345
vn -0.837003 0.149793 0.526296
vn -0.319407 -0.045792 0.946511
vn -0.310372 0.003916 0.950607
vn -0.821007 0.196687 0.535968
vn -0.850279 0.160957 0.501117
vn -0.290548 -0.050334 0.955536
vn 0.402981 -0.049796 0.913853
vn 0.398353 0.000568 0.917232
vn -0.285845 -0.000153 0.958276
vn 0.430517 -0.045011 0.901460
vn 0.893758 0.151289 0.422266
vn 0.878807 0.198307 0.434020
vn 0.421812 0.004438 0.906673
vn 0.903851 0.162660 0.395721
vn -0.415406 0.645873 -0.640536
vn -0.878642 0.449367 -0.161427
vn -0.861504 0.489363 -0.135405
vn -0.404513 0.683018 -0.608157
vn -0.387871 0.650489 -0.653009
vn -0.888723 0.438171 -0.134827
vn 0.305679 0.651197 -0.694625
vn -0.381049 0.687096 -0.618628
vn 0.303159 0.687615 -0.659757
vn 0.334537 0.646479 -0.685674
vn 0.852128 0.451049 -0.265390
vn 0.327691 0.683750 -0.652000
vn 0.838310 0.490765 -0.237457
vn 0.865397 0.439714 -0.240290
vn -0.832231 0.206376 0.514588
vn -0.870158 0.479673 -0.112868
vn 0.849538 0.481283 -0.215991
vn 0.887459 0.207798 0.411384
vn -0.628208 0.516226 0.582122
vn -0.239470 0.369632 0.897790
vn -0.227321 0.397386 0.889050
vn -0.609658 0.541926 0.578475
vn -0.642737 0.529031 0.554090
vn -0.207081 0.364197 0.908008
vn 0.313369 0.364859 0.876743
vn 0.307825 0.397387 0.864481
vn -0.203017 0.396921 0.895119
vn 0.344230 0.369777 0.863001
vn 0.692034 0.517507 0.503265
vn 0.673501 0.542924 0.501627
vn 0.331156 0.397941 0.855558
vn 0.703552 0.530014 0.473392
vn -0.312342 0.896937 -0.312963
vn -0.660140 0.749671 0.047006
vn -0.640585 0.765016 0.066341
vn -0.298237 0.910143 -0.287566
vn -0.281504 0.902302 -0.326506
vn -0.671639 0.736927 0.076423
vn 0.239314 0.902568 -0.357911
vn -0.274897 0.915259 -0.294504
vn 0.236223 0.915688 -0.325139
vn 0.271386 0.897529 -0.347550
vn 0.660097 0.750494 -0.032102
vn 0.260264 0.910583 -0.321093
vn 0.642563 0.766161 -0.010473
vn 0.674652 0.738126 -0.003821
vn -0.617989 0.553638 0.558189
vn -0.646263 0.757848 0.089499
vn 0.651019 0.758968 0.011904
vn 0.679303 0.554800 0.480358
vn -0.007435 0.910955 0.412438
vn 0.010960 0.903845 0.427720
vn 0.023082 0.917012 0.398191
vn 0.023090 0.917011 0.398193
vn -0.001753 0.916679 0.399620
vn 0.024570 0.906738 0.420977
vn 0.038797 0.903732 0.426338
vn 0.055398 0.910950 0.408781
vn 0.023075 0.917007 0.398203
vn 0.048058 0.916786 0.396477
vn 0.007616 0.928945 0.370141
vn -0.009249 0.921972 0.387147
vn 0.023089 0.917005 0.398207
vn 0.021650 0.926639 0.375330
vn 0.035178 0.929082 0.368198
vn 0.054159 0.922058 0.383245
vn -0.666841 -0.284283 0.688844
vn -0.666841 -0.284283 0.688844
vn -0.667030 -0.294977 0.684149
vn -0.667030 -0.295021 0.684130
vn -0.175634 -0.925940 0.334347
vn -0.162415 -0.925380 0.342480
vn -0.129557 -0.925641 0.355534
vn -0.127071 -0.925977 0.355556
vn -0.678184 -0.730816 -0.077291
vn -0.669732 -0.739500 -0.067811
vn -0.694171 -0.711983 -0.105863
vn -0.693728 -0.712758 -0.103528
vn -0.963413 -0.085872 0.253894
vn -0.987006 0.084378 -0.136748
vn -0.987221 0.075734 -0.140212
vn -0.963776 -0.096692 0.248569
vn -0.711062 -0.591435 -0.380257
vn -0.711222 -0.592645 -0.378068
vn -0.691973 -0.582546 -0.426396
vn -0.699117 -0.583901 -0.412669
vn 0.266991 -0.389357 0.881543
vn -0.158994 -0.389694 0.907116
vn -0.159272 -0.398769 0.903114
vn 0.265991 -0.394902 0.879375
vn 0.170006 -0.926056 0.336926
vn 0.172459 -0.925722 0.336595
vn 0.203580 -0.925410 0.319643
vn 0.215652 -0.925924 0.310096
vn 0.963424 0.086096 -0.253774
vn 0.987011 -0.084130 0.136866
vn 0.987119 -0.078813 0.139230
vn 0.963789 0.093540 -0.249721
vn 0.661448 -0.592049 -0.460395
vn 0.661017 -0.590854 -0.462545
vn 0.645215 -0.583355 -0.493350
vn 0.636584 -0.582003 -0.505998
vn 0.678291 -0.711027 -0.185370
vn 0.678440 -0.710260 -0.187749
vn 0.658750 -0.737856 -0.147028
vn 0.666079 -0.729058 -0.157522
vn 0.744902 -0.283077 0.604143
vn 0.744902 -0.283077 0.604143
vn 0.744918 -0.282217 0.604525
vn 0.744919 -0.282202 0.604531
vn -0.744872 0.279868 -0.605672
vn -0.744872 0.279868 -0.605672
vn -0.744928 0.276994 -0.606924
vn -0.744927 0.277043 -0.606902
vn -0.236677 -0.388736 -0.890431
vn -0.248921 -0.395548 -0.884070
vn -0.202856 -0.377974 -0.903319
vn -0.205297 -0.377883 -0.902805
vn -0.267015 0.389618 -0.881420
vn 0.159017 0.389948 -0.907003
vn 0.158881 0.395737 -0.904516
vn -0.266492 0.391889 -0.880571
vn 0.096757 -0.376999 -0.921146
vn 0.094260 -0.377105 -0.921361
vn 0.142417 -0.394653 -0.907726
vn 0.129364 -0.387760 -0.912638
vn 0.666705 0.281074 -0.690291
vn 0.666705 0.281074 -0.690291
vn 0.666902 0.290086 -0.686361
vn 0.666901 0.290060 -0.686373
vn -0.667985 -0.333098 0.665463
vn -0.667985 -0.333097 0.665464
vn -0.667987 -0.333171 0.665425
vn -0.667987 -0.333171 0.665425
vn -0.176890 -0.397204 0.900521
vn -0.157454 -0.429016 0.889468
vn -0.140317 -0.429955 0.891880
vn -0.963969 -0.132989 0.230386
vn -0.958705 -0.103811 0.264778
vn -0.968481 -0.125897 0.214928
vn -0.990262 0.037811 -0.133986
vn -0.990087 0.038288 -0.135137
vn -0.968729 -0.125564 0.214002
vn -0.984167 0.082875 -0.156673
vn -0.987511 0.045836 -0.150739
vn 0.245485 -0.415710 0.875741
vn -0.138772 -0.430094 0.892055
vn 0.247134 -0.415540 0.875358
vn 0.263882 -0.413306 0.871519
vn 0.284007 -0.393087 0.874541
vn 0.969016 0.112155 -0.220066
vn 0.990231 -0.051842 0.129439
vn 0.990418 -0.051239 0.128247
vn 0.968795 0.112581 -0.220821
vn 0.964268 0.119808 -0.236292
vn 0.958663 0.100903 -0.266053
vn 0.984111 -0.085956 0.155364
vn 0.987655 -0.059138 0.145051
vn 0.744142 -0.280792 0.606142
vn 0.744143 -0.280792 0.606142
vn 0.744140 -0.280791 0.606145
vn 0.744140 -0.280791 0.606145
vn -0.745791 0.265805 -0.610854
vn -0.745792 0.265803 -0.610855
vn -0.745794 0.265781 -0.610862
vn -0.745794 0.265781 -0.610862
vn -0.264289 0.400137 -0.877520
vn -0.284096 0.390063 -0.875866
vn -0.247651 0.402173 -0.881434
vn 0.138518 0.416806 -0.898380
vn 0.139979 0.416789 -0.898161
vn -0.245889 0.402398 -0.881825
vn 0.176862 0.394348 -0.901781
vn 0.157215 0.415968 -0.895687
vn 0.666972 0.319510 -0.673099
vn 0.666972 0.319511 -0.673098
vn 0.666972 0.319565 -0.673073
vn 0.666972 0.319565 -0.673073
vn -0.120761 -0.929198 0.349295
vn -0.435257 -0.891601 0.124896
vn -0.096328 -0.932379 0.348412
vn -0.095118 -0.932529 0.348343
vn -0.688540 -0.715898 -0.115768
vn -0.691532 -0.708670 -0.139894
vn -0.691391 -0.709079 -0.138511
vn -0.705770 -0.613250 -0.354700
vn -0.705711 -0.614552 -0.352559
vn -0.705849 -0.601167 -0.374668
vn -0.485318 -0.519014 -0.703626
vn -0.023080 -0.917013 -0.398190
vn -0.023093 -0.917015 -0.398183
vn -0.023092 -0.917015 -0.398183
vn -0.023084 -0.917012 -0.398191
vn -0.023059 -0.917022 -0.398169
vn -0.023093 -0.917015 -0.398183
vn -0.023060 -0.917020 -0.398174
vn -0.023076 -0.917001 -0.398216
vn -0.023056 -0.917023 -0.398168
vn -0.023071 -0.917001 -0.398217
vn -0.023079 -0.916997 -0.398225
vn -0.023085 -0.917012 -0.398192
vn 0.138960 -0.930204 0.339721
vn 0.141652 -0.929812 0.339683
vn 0.474369 -0.876870 0.077929
vn 0.164639 -0.926350 0.338776
vn 0.690766 -0.582700 -0.428139
vn 0.690614 -0.581301 -0.430281
vn 0.424940 -0.502914 -0.752664
vn 0.688248 -0.568325 -0.450912
vn 0.701673 -0.682038 -0.206104
vn 0.701632 -0.681662 -0.207483
vn 0.701488 -0.689103 -0.181802
vn -0.200795 -0.355151 -0.912989
vn -0.174890 -0.357211 -0.917504
vn -0.176005 -0.357096 -0.917336
vn 0.068039 -0.351690 -0.933641
vn 0.065255 -0.352102 -0.933684
vn 0.092010 -0.348776 -0.932679
vn -0.023080 -0.917012 -0.398192
vn -0.023074 -0.916996 -0.398228
vn -0.023094 -0.917015 -0.398184
vn -0.023057 -0.917020 -0.398173
vn -0.958490 -0.092908 0.269565
vn -0.176700 -0.388213 0.904471
vn 0.983993 -0.091212 0.153095
vn 0.284154 -0.387856 0.876826
vn -0.983992 0.091278 -0.153061
vn -0.284185 0.387928 -0.876784
vn 0.176715 0.388275 -0.904442
vn 0.958498 0.092950 -0.269522
vn -0.963985 -0.133042 0.230290
vn -0.157386 -0.429087 0.889446
vn 0.987666 -0.059067 0.145006
vn 0.263818 -0.413350 0.871517
vn -0.987520 0.045750 -0.150705
vn -0.264221 0.400162 -0.877529
vn 0.157150 0.416014 -0.895677
vn 0.964284 0.119837 -0.236209
vn -0.090185 -0.887593 0.451714
vn -0.133829 -0.912169 0.387347
vn -0.024434 -0.928212 0.371249
vn -0.024381 -0.928228 0.371212
vn -0.447877 -0.406781 0.796201
vn -0.085274 -0.887988 0.451891
vn -0.426845 -0.401687 0.810217
vn -0.733021 -0.568093 0.374101
vn -0.482847 -0.327353 0.812219
vn -0.787094 -0.499634 0.361731
vn -0.737357 -0.577474 0.350470
vn -0.131466 -0.914200 0.383347
vn -0.007864 -0.883310 0.468724
vn -0.024373 -0.928225 0.371220
vn -0.024429 -0.928207 0.371261
vn 0.094190 -0.369831 0.924312
vn -0.003383 -0.882220 0.470825
vn 0.119606 -0.371985 0.920501
vn 0.101297 -0.286527 0.952702
vn -0.454731 -0.320711 0.830881
vn 0.065551 -0.899991 0.430952
vn -0.024430 -0.928209 0.371256
vn -0.024404 -0.928228 0.371210
vn 0.571289 -0.488235 0.659738
vn 0.065546 -0.902099 0.426521
vn 0.586190 -0.496349 0.640327
vn 0.617278 -0.413505 0.669315
vn 0.135182 -0.289559 0.947566
vn -0.114021 -0.944880 0.306922
vn -0.045176 -0.962641 0.266985
vn -0.024418 -0.928200 0.371281
vn -0.024417 -0.928206 0.371264
vn -0.604731 -0.781827 -0.151812
vn -0.114021 -0.943350 0.311594
vn -0.619628 -0.773644 -0.132428
vn -0.153036 -0.897968 -0.412593
vn -0.647430 -0.732322 -0.211042
vn -0.165336 -0.856352 -0.489209
vn -0.127628 -0.900189 -0.416377
vn -0.040719 -0.962183 0.269343
vn 0.036748 -0.957460 0.286218
vn -0.024433 -0.928212 0.371248
vn -0.024427 -0.928200 0.371280
vn 0.393427 -0.868237 -0.302291
vn -0.131458 -0.859236 -0.494401
vn 0.424583 -0.825194 -0.372537
vn 0.414466 -0.863212 -0.288241
vn 0.041686 -0.957273 0.286165
vn 0.085341 -0.932637 0.350578
vn -0.024416 -0.928187 0.371312
vn -0.024414 -0.928207 0.371261
vn 0.699613 -0.701867 0.133882
vn 0.452713 -0.818409 -0.353918
vn 0.756937 -0.646304 0.096635
vn 0.703947 -0.692563 0.157526
vn 0.082963 -0.931247 0.354819
vn -0.024413 -0.928208 0.371261
vn -0.024429 -0.928211 0.371252
vn -0.792979 -0.512023 0.330176
vn -0.667221 -0.721498 -0.185084
vn -0.024406 -0.928227 0.371214
vn -0.024422 -0.928194 0.371295
vn 0.762822 -0.633789 0.128115
vn 0.637063 -0.424472 0.643408
vn -0.940681 -0.203698 0.271341
vn -0.567894 0.007333 0.823069
vn -0.571519 0.020395 0.820335
vn -0.944246 -0.190495 0.268535
vn -0.945934 -0.214691 0.243138
vn -0.542781 0.013201 0.839771
vn 0.138330 0.055070 0.988854
vn 0.137498 0.068828 0.988108
vn -0.543586 0.027113 0.838916
vn 0.168584 0.052299 0.984299
vn 0.759066 -0.099473 0.643369
vn 0.761701 -0.085950 0.642203
vn 0.171200 0.065930 0.983028
vn 0.776744 -0.109334 0.620254
vn -0.183874 -0.632950 -0.752040
vn -0.774327 -0.480937 -0.411238
vn -0.776325 -0.470233 -0.419762
vn -0.185849 -0.622082 -0.760575
vn -0.153613 -0.635459 -0.756700
vn -0.792012 -0.471337 -0.388019
vn 0.527507 -0.593864 -0.607504
vn -0.152150 -0.625016 -0.765640
vn 0.528952 -0.583250 -0.616465
vn 0.552628 -0.587734 -0.590907
vn 0.925402 -0.376967 -0.039087
vn 0.556887 -0.576567 -0.597870
vn 0.929614 -0.365641 -0.046087
vn 0.930662 -0.365715 -0.010987
vn -0.950038 -0.202904 0.237188
vn -0.796064 -0.459392 -0.394006
vn 0.935406 -0.353270 -0.014724
vn 0.781442 -0.096756 0.616430
vn -0.926025 -0.248748 0.283904
vn -0.557958 -0.040494 0.828880
vn -0.565223 -0.010991 0.824865
vn -0.935259 -0.220405 0.276970
vn -0.930500 -0.258390 0.259624
vn -0.536328 -0.035257 0.843273
vn 0.136271 0.005943 0.990654
vn 0.136449 0.036585 0.989971
vn -0.539767 -0.004879 0.841801
vn 0.162392 0.003730 0.986719
vn 0.745571 -0.146285 0.650173
vn 0.753500 -0.116854 0.646980
vn 0.167176 0.033931 0.985343
vn 0.760875 -0.154625 0.630207
vn -0.179945 -0.670003 -0.720219
vn -0.763099 -0.520087 -0.383653
vn -0.769621 -0.496254 -0.401767
vn -0.183331 -0.646987 -0.740133
vn -0.153820 -0.672300 -0.724122
vn -0.778401 -0.511663 -0.363720
vn 0.518815 -0.631002 -0.576774
vn -0.152597 -0.649655 -0.744756
vn 0.523647 -0.608179 -0.596583
vn 0.540437 -0.625852 -0.562350
vn 0.908493 -0.417537 -0.017403
vn 0.549097 -0.602082 -0.579646
vn 0.919126 -0.392682 -0.031749
vn 0.912965 -0.407979 0.006912
vn -0.940540 -0.231704 0.248390
vn -0.787612 -0.486384 -0.378284
vn 0.924408 -0.381392 -0.003163
vn 0.771489 -0.126716 0.623496
vn -0.920130 0.390244 0.032716
vn -0.549350 0.599951 0.581613
vn -0.536157 0.638773 0.551820
vn -0.901953 0.431709 0.010380
vn -0.925349 0.379087 0.004732
vn -0.524360 0.606013 0.598159
vn 0.153122 0.647438 0.746577
vn 0.153425 0.684840 0.712358
vn -0.514941 0.643777 0.566027
vn 0.183241 0.644901 0.741975
vn 0.770596 0.493744 0.402986
vn 0.758501 0.533617 0.374070
vn 0.179061 0.682533 0.708580
vn 0.788215 0.484144 0.379898
vn -0.167251 -0.036705 -0.985231
vn -0.754602 0.114254 -0.646159
vn -0.740193 0.162452 -0.652475
vn -0.160757 0.013318 -0.986904
vn -0.137134 -0.039418 -0.989768
vn -0.772205 0.124020 -0.623151
vn 0.540369 0.002182 -0.841425
vn -0.135116 0.011218 -0.990766
vn 0.533265 0.052070 -0.844344
vn 0.565356 0.008069 -0.824808
vn 0.936132 0.217935 -0.275975
vn 0.554486 0.057279 -0.830220
vn 0.920262 0.264136 -0.288705
vn 0.941345 0.228917 -0.247924
vn -0.906314 0.422388 -0.013515
vn -0.755238 0.170570 -0.632868
vn 0.924629 0.273666 -0.264893
vn 0.773546 0.525290 0.354538
vn -0.692564 0.708863 -0.133669
vn -0.414082 0.866620 0.278400
vn -0.397117 0.881275 0.256227
vn -0.670956 0.726295 -0.149378
vn -0.698092 0.696732 -0.165023
vn -0.386089 0.873250 0.297270
vn 0.122347 0.904535 0.408469
vn 0.123700 0.918286 0.376097
vn -0.375312 0.887674 0.266787
vn 0.156007 0.901482 0.403723
vn 0.597023 0.788264 0.149008
vn 0.582437 0.803147 0.125388
vn 0.148430 0.914776 0.375703
vn 0.616981 0.777266 0.123258
vn -0.122267 0.380706 -0.916577
vn -0.563289 0.494404 -0.662020
vn -0.547619 0.520777 -0.654909
vn -0.113593 0.409268 -0.905316
vn -0.088620 0.378107 -0.921510
vn -0.583133 0.504911 -0.636413
vn 0.420157 0.409044 -0.810031
vn -0.088838 0.410370 -0.907581
vn 0.410432 0.440987 -0.798170
vn 0.447847 0.416021 -0.791429
vn 0.726314 0.573304 -0.379198
vn 0.431973 0.442668 -0.785776
vn 0.705777 0.597751 -0.380226
vn 0.731852 0.585917 -0.347985
vn -0.672584 0.719460 -0.173226
vn -0.559678 0.531409 -0.635897
vn 0.707506 0.609249 -0.358122
vn 0.594669 0.797168 0.104363
vn -0.009169 0.930855 -0.365273
vn 0.003909 0.938431 -0.345443
vn 0.024424 0.928204 -0.371270
vn 0.024437 0.928213 -0.371245
vn 0.000141 0.926461 -0.376392
vn 0.019006 0.937112 -0.348510
vn 0.031007 0.940201 -0.339206
vn 0.052176 0.934647 -0.351728
vn 0.024414 0.928210 -0.371256
vn 0.048854 0.929375 -0.365889
vn 0.017908 0.915346 -0.402270
vn -0.003350 0.920669 -0.390330
vn 0.024425 0.928209 -0.371255
vn 0.029840 0.918789 -0.393620
vn 0.044907 0.916878 -0.396633
vn 0.058623 0.924419 -0.376846
vn -0.845442 0.215727 0.488560
vn -0.845442 0.215727 0.488560
vn -0.845650 0.204875 0.492850
vn -0.845651 0.204831 0.492868
vn -0.355608 -0.435512 0.826965
vn -0.344864 -0.428060 0.835364
vn -0.316562 -0.415741 0.852613
vn -0.314216 -0.415712 0.853494
vn -0.714130 -0.638082 0.287871
vn -0.709346 -0.636688 0.302419
vn -0.720250 -0.646493 0.251567
vn -0.720495 -0.645355 0.253779
vn -0.999672 0.020057 -0.015903
vn -0.905585 -0.136625 -0.401559
vn -0.905886 -0.145172 -0.397865
vn -0.999891 0.008664 -0.011959
vn -0.654362 -0.755916 -0.020053
vn -0.655198 -0.755248 -0.017791
vn -0.623456 -0.780116 -0.052170
vn -0.633917 -0.772155 -0.043889
vn -0.007312 0.371639 0.928349
vn -0.423461 0.346173 0.837165
vn -0.423718 0.336933 0.840797
vn -0.008354 0.366136 0.930524
vn -0.023878 -0.398782 0.916735
vn -0.021397 -0.398530 0.916906
vn 0.012819 -0.407063 0.913310
vn 0.026766 -0.412908 0.910379
vn 0.999678 -0.019825 0.015815
vn 0.905589 0.136887 0.401459
vn 0.905692 0.142306 0.399338
vn 0.999842 -0.011699 0.013397
vn 0.685634 -0.673438 0.276383
vn 0.685892 -0.674149 0.274001
vn 0.679245 -0.692096 0.244193
vn 0.674261 -0.700899 0.232620
vn 0.619682 -0.562493 0.547354
vn 0.620506 -0.563606 0.545271
vn 0.588308 -0.556462 0.586722
vn 0.598961 -0.556887 0.575433
vn 0.533596 0.300263 0.790644
vn 0.533596 0.300263 0.790644
vn 0.533614 0.301120 0.790306
vn 0.533614 0.301135 0.790300
vn -0.533511 -0.303553 -0.789444
vn -0.533511 -0.303553 -0.789444
vn -0.533577 -0.306461 -0.788275
vn -0.533576 -0.306412 -0.788295
vn -0.047822 -0.923209 -0.381311
vn -0.061947 -0.924784 -0.375416
vn -0.010867 -0.921240 -0.388843
vn -0.013334 -0.921064 -0.389184
vn 0.007319 -0.371395 -0.928446
vn 0.423473 -0.345931 -0.837259
vn 0.423372 -0.340133 -0.839682
vn 0.007846 -0.369110 -0.929353
vn 0.281832 -0.902700 -0.325121
vn 0.279473 -0.903178 -0.325828
vn 0.320423 -0.901092 -0.292168
vn 0.309861 -0.901008 -0.303597
vn 0.845321 -0.219002 -0.487309
vn 0.845321 -0.219002 -0.487309
vn 0.845528 -0.209886 -0.490948
vn 0.845528 -0.209914 -0.490937
vn -0.846128 0.164788 0.506866
vn -0.846128 0.164789 0.506865
vn -0.846128 0.164710 0.506891
vn -0.846128 0.164710 0.506891
vn -0.439839 0.334427 0.833487
vn -0.421917 0.306240 0.853348
vn -0.406147 0.309009 0.859976
vn -0.999558 -0.029698 0.001312
vn -0.999866 0.015542 0.005124
vn -0.999237 -0.036011 -0.015109
vn -0.914588 -0.167841 -0.367912
vn -0.914078 -0.168296 -0.368968
vn -0.999207 -0.036451 -0.016022
vn -0.898033 -0.151387 -0.413061
vn -0.906853 -0.173670 -0.384000
vn -0.029487 0.346836 0.937462
vn -0.404719 0.309191 0.860583
vn -0.027784 0.346854 0.937508
vn -0.010467 0.347431 0.937647
vn 0.010388 0.365848 0.930617
vn 0.999511 0.022772 0.021449
vn 0.914137 0.154757 0.374706
vn 0.914682 0.154364 0.373536
vn 0.999534 0.022520 0.020590
vn 0.999859 0.016290 0.004064
vn 0.999821 -0.018497 -0.003953
vn 0.897964 0.148294 0.414330
vn 0.906938 0.160316 0.389567
vn 0.532614 0.303177 0.790194
vn 0.532615 0.303176 0.790194
vn 0.532611 0.303180 0.790195
vn 0.532611 0.303180 0.790195
vn -0.534687 -0.317216 -0.783252
vn -0.534687 -0.317218 -0.783251
vn -0.534690 -0.317238 -0.783241
vn -0.534690 -0.317238 -0.783241
vn 0.010115 -0.360966 -0.932524
vn -0.010468 -0.368874 -0.929420
vn 0.027325 -0.360593 -0.932323
vn 0.404581 -0.323023 -0.855552
vn 0.405930 -0.322733 -0.855023
vn 0.029143 -0.360530 -0.932292
vn 0.439824 -0.337369 -0.832308
vn 0.421792 -0.319827 -0.848411
vn 0.845550 -0.179829 -0.502699
vn 0.845550 -0.179829 -0.502699
vn 0.845550 -0.179773 -0.502720
vn 0.845550 -0.179773 -0.502720
vn -0.306960 -0.421850 0.853122
vn -0.549023 -0.584802 0.597143
vn -0.283597 -0.422234 0.860983
vn -0.282433 -0.422266 0.861349
vn -0.712784 -0.655638 0.249155
vn -0.708812 -0.667790 0.227249
vn -0.709068 -0.667092 0.228494
vn -0.658099 -0.752809 0.013586
vn -0.658722 -0.752218 0.015940
vn -0.651831 -0.758320 -0.008209
vn -0.348217 -0.909048 -0.228858
vn -0.024423 -0.928209 0.371258
vn -0.024435 -0.928204 0.371268
vn -0.024432 -0.928204 0.371269
vn -0.024423 -0.928208 0.371259
vn -0.024407 -0.928198 0.371286
vn -0.024432 -0.928202 0.371274
vn -0.024408 -0.928197 0.371289
vn -0.024408 -0.928215 0.371242
vn -0.024408 -0.928198 0.371286
vn -0.024407 -0.928216 0.371240
vn -0.024410 -0.928216 0.371241
vn -0.024423 -0.928207 0.371262
vn -0.054864 -0.403036 0.913538
vn -0.052221 -0.402515 0.913923
vn 0.339215 -0.515203 0.787083
vn -0.029494 -0.398388 0.916743
vn 0.706772 -0.641244 0.298797
vn 0.707318 -0.641777 0.296352
vn 0.541277 -0.839840 -0.041098
vn 0.711653 -0.647356 0.272912
vn 0.650591 -0.554227 0.519196
vn 0.650939 -0.554934 0.518002
vn 0.643539 -0.542157 0.540299
vn -0.003921 -0.911733 -0.410765
vn 0.021894 -0.913728 -0.405735
vn 0.020792 -0.913642 -0.405988
vn 0.260179 -0.896520 -0.358552
vn 0.257468 -0.897123 -0.359000
vn 0.283315 -0.891359 -0.353853
vn -0.024423 -0.928207 0.371262
vn -0.024409 -0.928217 0.371239
vn -0.024437 -0.928202 0.371273
vn -0.024410 -0.928196 0.371289
vn -0.999646 0.026599 0.000723
vn -0.439667 0.343566 0.829853
vn 0.897837 0.142984 0.416467
vn 0.010545 0.371127 0.928522
vn -0.897834 -0.142910 -0.416498
vn -0.010542 -0.371069 -0.928545
vn 0.439668 -0.343514 -0.829874
vn 0.999647 -0.026553 -0.000740
vn -0.999555 -0.029803 0.001280
vn -0.421854 0.306182 0.853400
vn 0.906968 0.160335 0.389490
vn -0.010533 0.347392 0.937661
vn -0.906880 -0.173708 -0.383919
vn 0.010185 -0.360948 -0.932530
vn 0.421733 -0.319794 -0.848453
vn 0.999858 0.016371 0.004102
s 1
g TV_BOX1
usemtl surfaceShader1SG
f 548/36/36 549/37/37 550/41/38 551/42/39
f 552/38/40 548/39/41 553/40/42 554/43/43
f 555/44/44 552/38/45 556/45/46 557/47/47
f 549/46/48 555/90/49 558/145/50 559/146/51
f 560/59/52 553/60/53 561/64/54 562/99/55
f 563/48/56 560/65/57 564/66/58 565/67/59
f 554/43/60 563/48/61 566/68/62 567/72/63
f 568/76/64 569/188/65 570/196/66 571/270/67
f 572/49/68 568/51/69 573/53/70 574/54/71
f 575//72 572//73 576//74 577//75
f 569/147/76 575/148/77 578/149/78 579/150/79
f 580/271/80 573/272/81 581/273/82 582/274/83
f 583/55/84 580/75/85 584/80/86 585/197/87
f 574/54/88 583/55/89 586/200/90 587/201/91
f 588//92 589//93 590//94 591//95
f 592/202/96 588/204/97 593/205/98 594/264/99
f 595/50/100 592/52/101 596/56/102 597/57/103
f 589/151/104 595/152/105 598/153/106 599/154/107
f 600/265/108 593/205/109 601/266/110 602/267/111
f 603/268/112 600/265/113 604/269/114 605/410/115
f 594/58/116 603/61/117 606/62/118 607/63/119
f 608/85/120 609/86/121 610/87/122 611/88/123
f 612/89/124 608/85/125 613/94/126 614/198/127
f 615/100/128 612/101/129 616/102/130 617/103/131
f 609/155/132 615/156/133 618/157/134 619/158/135
f 620/295/136 613/94/137 621/296/138 622/297/139
f 623/298/140 620/295/141 624/301/142 625/302/143
f 614/104/144 623/108/145 626/199/146 627/223/147
f 628/276/148 556/45/46 567/72/63 629/277/149
f 630/334/150 628/276/148 631/335/151 632/336/152
f 557/159/47 630/160/150 633/161/153 634/162/154
s 17
f 635/69/155 564/70/156 636/71/157 637/73/158
s 18
f 638/74/159 635/69/160 639/77/161 640/78/162
s 19
f 565/79/163 638/74/164 641/81/165 642/82/166
s 1
f 642/339/167 643/409/168 644/426/169 566/68/62
s 18
f 645/83/170 641/81/171 646/84/172 647/91/173
s 19
f 643/92/174 645/83/175 648/93/176 649/95/177
s 1
f 650/437/178 576/438/74 587/201/91 651/456/179
f 652//180 650//178 653//181 654//182
f 577/163/75 652/164/180 655/165/183 656/166/184
s 19
f 657/96/185 584/97/186 658/98/187 659/105/188
s 18
f 660/106/189 657/96/190 661/107/191 662/109/192
s 23
f 585/110/193 660/106/194 663/111/195 664/112/196
s 1
f 664/487/197 665/488/198 666/489/199 586/200/90
s 18
f 667/113/200 663/111/201 668/114/202 669/115/203
s 23
f 665/116/204 667/113/205 670/117/206 671/118/207
s 1
f 672/304/208 596/56/102 607/63/119 673/305/209
f 674/306/210 672/304/208 675/307/211 676/439/212
f 597/167/103 674/168/210 677/169/213 678/170/214
s 23
f 679/119/215 604/120/216 680/121/217 681/122/218
s 18
f 682/123/219 679/119/220 683/124/221 684/125/222
s 27
f 605/126/223 682/123/224 685/127/225 686/128/226
s 1
f 686/466/227 687/510/228 688/530/229 606/62/118
s 18
f 689/129/230 685/127/231 690/130/232 691/131/233
s 27
f 687/132/234 689/129/235 692/133/236 693/134/237
s 1
f 694/224/238 616/102/130 627/223/147 695/225/239
f 696/226/240 694/224/238 697/227/241 698/228/242
f 617/171/131 696/172/240 699/173/243 700/174/244
s 27
f 701/135/245 624/136/246 702/137/247 703/138/248
s 18
f 704/139/249 701/135/250 705/140/251 706/141/252
s 17
f 625/142/253 704/139/254 707/143/255 708/144/256
s 1
f 708/229/257 709/230/258 710/232/259 626/199/146
s 18
f 711/231/260 707/143/261 712/233/262 713/235/263
s 17
f 709/236/264 711/231/265 714/238/266 715/239/267
s 33
f 716/240/268 705/140/269 717/241/270 718/242/271
s off
f 719/243/272 716/240/273 720/244/274 721/245/275
s 33
f 706/141/276 719/243/277 722/246/278 712/233/279
f 723/247/280 639/77/281 724/248/282 725/249/283
s off
f 726/250/284 723/247/285 727/251/286 728/252/287
s 33
f 640/78/288 726/250/289 729/253/290 646/84/291
s 35
f 730/254/292 722/246/293 731/255/294 732/256/295
s 33
f 713/235/296 730/254/297 733/257/298 734/258/299
f 735/259/300 683/124/301 736/260/302 737/261/303
s off
f 738/262/304 735/259/305 739/263/306 740/300/307
s 33
f 684/125/308 738/262/309 741/303/310 690/130/311
s 37
f 742/308/312 741/303/313 743/309/314 744/310/315
s 33
f 691/131/316 742/308/317 745/311/318 746/312/319
f 747/313/320 661/107/321 748/314/322 749/315/323
s off
f 750/316/324 747/313/325 751/317/326 752/318/327
s 33
f 662/109/328 750/316/329 753/319/330 668/114/331
s 40
f 754/320/332 753/319/333 755/321/334 756/322/335
s 33
f 669/115/336 754/320/337 757/323/338 758/324/339
s 41
f 759/325/340 729/253/341 760/326/342 761/327/343
s 33
f 647/91/344 759/325/345 762/328/346 763/329/347
s 1
f 764/175/348 618/157/349 700/174/244 765/176/350
f 766/177/351 764/175/352 767/178/353 768/179/354
f 619/158/355 766/177/356 769/180/357 770/181/358
f 771/182/359 558/145/360 634/162/154 772/183/361
f 773/184/362 771/182/363 774/185/364 775/186/365
f 559/146/366 773/184/367 776/187/368 777/189/369
f 778/190/370 779/191/371 780/192/372 781/193/373
f 768/179/374 778/190/370 782/194/375 783/195/376
f 779/191/371 767/178/377 784/203/378 785/206/379
f 785/206/379 786/207/380 787/208/381 788/209/382
f 789/210/383 784/203/378 765/176/350 790/211/384
f 786/207/380 789/210/383 791/212/385 792/213/386
f 793/214/387 578/149/388 656/166/184 794/215/389
f 795/216/390 793/214/391 796/217/392 797/218/393
f 579/150/394 795/216/395 798/219/396 799/220/397
f 800/221/398 801/222/399 802/275/400 803/278/401
f 775/186/402 800/221/398 804/279/403 805/280/404
f 801/222/399 774/185/405 806/281/406 807/282/407
f 807/282/407 808/283/408 809/284/409 810/285/410
f 811/286/411 806/281/406 772/183/361 812/287/412
f 808/283/408 811/286/411 813/288/413 814/289/414
f 815/290/415 598/153/416 678/170/214 816/291/417
f 817/292/418 815/290/419 818/293/420 819/294/421
f 599/154/422 817/292/423 820/299/424 821/340/425
f 822/341/426 823/342/427 824/343/428 825/344/429
f 797/218/430 822/341/426 826/345/431 827/346/432
f 823/342/427 796/217/433 828/347/434 829/348/435
f 829/348/435 830/349/436 831/350/437 832/351/438
f 833/352/439 828/347/434 794/215/389 834/353/440
f 830/349/436 833/352/439 835/354/441 836/355/442
f 837/356/443 838/357/444 839/358/445 840/359/446
f 819/294/447 837/356/443 841/360/448 842/361/449
f 838/357/444 818/293/450 843/362/451 844/363/452
f 844/363/452 845/364/453 846/365/454 847/366/455
f 848/367/456 843/362/451 816/291/417 849/368/457
f 845/364/453 848/367/456 850/369/458 851/370/459
f 770/181/358 852/371/460 853/372/461 610/373/122
f 854/374/462 769/180/357 783/195/376 855/375/463
f 852/371/460 854/374/462 856/376/464 857/377/465
f 821/340/425 858/378/466 859/379/467 590/380/94
f 860/381/468 820/299/424 842/361/449 861/382/469
f 858/378/466 860/381/468 862/383/470 863/384/471
f 799/220/397 864/385/472 865/386/473 570/387/66
f 866/388/474 798/219/396 827/346/432 867/389/475
f 864/385/472 866/388/474 868/390/476 869/391/477
f 777/189/369 870/392/478 871/393/479 550/394/38
f 872/395/480 776/187/368 805/280/404 873/396/481
f 870/392/478 872/395/480 874/397/482 875/398/483
f 629/277/149 644/426/169 876/519/484 877/523/485
f 651/456/179 666/489/199 878/491/486 879/1173/487
f 673/305/209 688/530/229 880/566/488 881/570/489
f 695/225/239 710/232/259 882/234/490 883/237/491
f 884/1172/492 653/1171/181 879/1173/487 885/1170/493
f 886//494 884//492 887//495 859//467
f 654/399/182 886/400/494 863/384/471 888/401/496
f 591/1169/95 887/1168/495 889/1167/497 601/266/110
f 890/402/498 862/383/470 891/403/499 835/354/441
f 888/401/496 890/402/498 834/353/440 655/165/183
f 836/355/442 892/404/500 893/405/501 894/406/502
f 892/404/500 891/403/499 861/382/469 895/407/503
f 895/407/503 841/360/448 896/408/504 897/413/505
f 792/213/386 898/414/506 899/425/507 900/427/508
f 901/429/509 791/212/385 902/430/510 874/397/482
f 898/414/506 901/429/509 873/396/481 903/431/511
f 903/431/511 804/279/403 904/432/512 905/433/513
f 906/434/514 902/430/510 790/211/384 699/173/243
f 875/398/483 906/434/514 698/442/242 907/443/515
f 908/412/516 697/227/241 883/237/491 909/441/517
f 907/448/515 908/412/516 910/449/518 871/478/479
f 551/42/39 910/449/518 911/480/519 561/64/54
f 912/499/520 882/234/490 715/565/521 913/576/522
f 909/441/517 912/499/520 914/577/523 911/480/519
f 562/99/55 914/577/523 915/582/524 636/583/525
s 18
f 916/330/526 714/238/527 734/258/528 917/331/529
s 17
f 913/332/530 916/330/531 918/333/532 915/337/533
s 18
f 637/73/534 918/333/535 919/338/536 724/248/537
s 35
f 920/411/538 733/257/539 921/415/540 922/416/541
s 33
f 917/331/542 920/411/543 923/417/544 919/338/545
s 35
f 725/249/546 923/417/547 924/418/548 925/419/549
s 40
f 926/420/550 757/323/551 927/421/552 928/422/553
s 33
f 929/423/554 926/420/555 930/424/556 931/428/557
s 18
f 758/324/558 929/423/559 932/435/560 670/117/561
s 40
f 737/261/562 930/424/563 933/440/564 934/450/565
s 18
f 931/428/566 736/260/567 681/122/568 935/451/569
s 23
f 936/452/570 932/435/571 935/451/572 937/453/573
s 1
f 671/1166/574 936/1165/575 938/1164/576 878/491/486
f 937/1163/577 680/1162/578 602/267/111 939/1161/579
f 885/1170/493 938/1164/576 939/1161/579 889/1167/497
f 940/524/580 631/335/151 877/523/485 941/563/581
f 942/564/582 940/524/580 943/1123/583 865/1122/473
f 632/444/152 942/445/582 869/391/477 944/446/584
f 571/270/67 943/1123/583 945/1121/585 581/273/82
f 946/447/586 868/390/476 947/457/587 813/288/413
f 944/446/584 946/447/586 812/287/412 633/161/153
f 814/289/414 948/459/588 949/460/589 950/461/590
f 948/459/588 947/457/587 867/389/475 951/462/591
f 951/462/591 826/345/431 952/463/592 953/464/593
f 851/370/459 954/465/594 955/474/595 956/475/596
f 957/476/597 850/369/458 958/477/598 856/376/464
f 954/465/594 957/476/597 855/375/463 959/479/599
f 959/479/599 782/194/375 960/490/600 961/501/601
f 962/502/602 958/477/598 849/368/457 677/169/213
f 857/377/465 962/502/602 676/503/212 963/504/603
f 964/571/604 675/307/211 881/570/489 965/1160/605
f 963/1159/603 964/571/604 966/1158/606 853/1157/461
f 611/88/123 966/1158/606 967/1156/607 621/296/138
f 968/1155/608 880/566/488 693/1154/609 969/1153/610
f 965/1160/605 968/1155/608 970/1152/611 967/1156/607
f 622/297/139 970/1152/611 971/1151/612 702/1150/613
s 18
f 972/454/614 692/133/615 746/312/616 973/455/617
s 27
f 969/458/618 972/454/619 974/467/620 971/468/621
s 18
f 703/138/622 974/467/623 975/469/624 717/241/625
s 37
f 976/470/626 745/311/627 977/471/628 978/472/629
s 33
f 973/455/630 976/470/631 979/481/632 975/469/633
s 37
f 718/242/634 979/481/635 980/482/636 981/483/637
s 41
f 982/484/638 762/328/639 983/485/640 984/486/641
s 33
f 985/492/642 982/484/643 986/493/644 987/494/645
s 18
f 763/329/646 985/492/647 988/495/648 648/93/649
s 41
f 749/315/650 986/493/651 989/496/652 990/497/653
s 18
f 987/494/654 748/314/655 659/105/656 991/498/657
s 19
f 992/511/658 988/495/659 991/498/660 993/512/661
s 1
f 649/436/662 992/1120/663 994/1116/664 876/519/484
f 993/1117/665 658/500/666 582/274/83 995/1115/667
f 941/563/581 994/1116/664 995/1115/667 945/1121/585
f 996/505/668 809/284/409 950/461/590 997/506/669
f 998/507/670 996/505/668 999/508/671 1000/509/672
f 810/285/410 998/507/670 1001/520/673 802/275/400
f 1002/521/674 999/508/671 1003/522/675 1004/531/676
f 1005/532/677 1002/521/674 1006/533/678 1007/534/679
f 1000/509/672 1005/532/677 1008/535/680 1009/536/681
f 905/433/513 1008/535/680 1010/537/682 899/425/507
f 1009/536/681 904/432/512 803/278/401 1001/520/673
f 781/193/373 1011/538/683 1012/539/684 960/490/600
f 1011/538/683 780/192/372 788/209/382 1013/540/685
f 1014/541/686 787/208/381 900/427/508 1015/542/687
f 1013/540/685 1014/541/686 1016/543/688 1017/544/689
f 1018/545/690 1019/546/691 1020/547/692 1021/548/693
f 1017/544/689 1018/545/690 1022/549/694 1012/539/684
f 1019/546/691 1016/543/688 1023/550/695 1024/551/696
f 961/501/601 1022/549/694 1025/552/697 955/474/595
f 1026/553/698 831/350/437 894/406/502 1027/554/699
f 1028/555/700 1026/553/698 1029/556/701 1030/557/702
f 832/351/438 1028/555/700 1031/558/703 824/343/428
f 1032/559/704 1033/560/705 1034/561/706 1035/562/707
f 1030/557/702 1032/559/704 1036/1147/708 1037/1146/709
f 1033/560/705 1029/556/701 1038/1145/710 1039/1144/711
f 953/464/593 1036/1147/708 1040/1143/712 949/460/589
f 1037/1146/709 952/463/592 825/344/429 1031/558/703
f 1041/1142/713 846/365/454 956/475/596 1042/1141/714
f 1043/1140/715 1041/1142/713 1044/1139/716 1045/1138/717
f 847/366/455 1043/1140/715 1046/1137/718 839/358/445
f 1047/1136/719 1044/1139/716 1048/1135/720 1049/1134/721
f 1050/1133/722 1047/1136/719 1051/1132/723 1052/1131/724
f 1045/1138/717 1050/1133/722 1053/1130/725 1054/1129/726
f 897/413/505 1053/1130/725 1055/1128/727 893/405/501
f 1054/1129/726 896/408/504 840/359/446 1046/1137/718
f 1027/554/699 1055/1128/727 1052/1131/724 1038/1145/710
f 1039/1144/711 1051/1132/723 1056/1127/728 1057/1126/729
f 1024/551/696 1006/533/678 1058/1125/730 1059/1124/731
f 1007/534/679 1023/550/695 1015/542/687 1010/537/682
f 997/506/669 1040/1143/712 1035/562/707 1003/522/675
f 1004/531/676 1034/561/706 1057/1126/729 1058/1125/730
f 1059/1124/731 1056/1127/728 1049/1134/721 1020/547/692
f 1021/548/693 1048/1135/720 1042/1141/714 1025/552/697
f 552/38/45 554/43/60 567/72/63 556/45/46
f 572/49/73 574/54/88 587/201/91 576/438/74
f 611/88/123 621/296/138 613/94/137 608/85/120
f 551/42/39 561/64/54 553/60/53 548/36/36
f 998/507/670 1000/509/672 1009/536/681 1001/520/673
s 18
f 635/69/160 637/73/534 724/248/537 639/77/161
f 701/135/250 703/138/622 717/241/625 705/140/251
f 668/114/202 663/111/201 660/106/189 662/109/192
f 646/84/172 641/81/171 638/74/159 640/78/162
s 35
f 723/247/732 725/249/546 925/419/549 727/251/733
s 37
f 716/240/734 718/242/634 981/483/637 720/244/735
s 40
f 755/321/334 753/319/333 750/316/736 752/318/737
s 41
f 760/326/342 729/253/341 726/250/738 728/252/739
s 1
f 777/189/369 550/394/38 549/46/37 559/146/366
f 555/90/44 557/159/47 634/162/154 558/145/360
f 575/148/72 577/163/75 656/166/184 578/149/388
f 770/181/358 610/373/122 609/155/121 619/158/355
f 783/195/376 769/180/357 766/177/356 768/179/374
f 793/214/387 794/215/389 828/347/434 796/217/433
f 771/182/359 772/183/361 806/281/406 774/185/405
f 805/280/404 776/187/368 773/184/367 775/186/402
f 642/339/167 566/68/62 563/48/61 565/67/740
f 664/487/197 586/200/90 583/55/89 585/197/741
f 620/295/136 622/297/139 702/1150/613 624/301/742
f 560/59/52 562/99/55 636/583/525 564/584/743
f 821/340/425 590/380/94 589/151/93 599/154/422
f 842/361/449 820/299/424 817/292/423 819/294/447
f 1011/538/683 1013/540/685 1017/544/689 1012/539/684
f 764/175/348 765/176/350 784/203/378 767/178/377
f 615/156/128 617/171/131 700/174/244 618/157/349
f 612/101/129 614/104/144 627/223/147 616/102/130
f 708/229/257 626/199/146 623/108/145 625/1112/744
s 18
f 712/233/262 707/143/261 704/139/249 706/141/252
s 35
f 731/255/294 722/246/293 719/243/745 721/245/746
s 40
f 735/259/747 737/261/562 934/450/565 739/263/748
s 18
f 679/119/220 681/122/568 736/260/567 683/124/221
s 1
f 600/265/108 602/267/111 680/1162/578 604/269/749
f 591/1169/95 601/266/110 593/205/109 588/204/92
f 799/220/397 570/387/66 569/147/65 579/150/394
f 827/346/432 798/219/396 795/216/395 797/218/430
f 1028/555/700 1030/557/702 1037/1146/709 1031/558/703
f 1043/1140/715 1045/1138/717 1054/1129/726 1046/1137/718
f 815/290/415 816/291/417 843/362/451 818/293/450
f 595/152/100 597/167/103 678/170/214 598/153/416
f 592/52/101 594/58/116 607/63/119 596/56/102
f 686/466/227 606/62/118 603/61/117 605/1149/750
s 18
f 690/130/232 685/127/231 682/123/219 684/125/222
s 37
f 743/309/314 741/303/313 738/262/751 740/300/752
s 41
f 747/313/753 749/315/650 990/497/653 751/317/754
s 18
f 657/96/190 659/105/656 748/314/655 661/107/191
s 1
f 580/271/80 582/274/83 658/500/666 584/473/755
f 571/270/67 581/273/82 573/272/81 568/76/64
f 655/165/183 652/164/180 654/399/182 888/401/496
f 833/352/439 834/353/440 890/402/498 835/354/441
f 1027/554/699 1038/1145/710 1029/556/701 1026/553/698
f 1008/535/680 1005/532/677 1007/534/679 1010/537/682
f 901/429/509 874/397/482 872/395/480 873/396/481
f 875/398/483 907/443/515 871/393/479 870/392/478
f 908/412/516 909/441/517 911/480/519 910/449/518
f 915/582/524 914/577/523 912/499/520 913/576/522
s 18
f 919/338/536 918/333/535 916/330/526 917/331/529
s 35
f 924/418/548 923/417/547 920/411/538 922/416/541
s 40
f 927/421/552 757/323/551 754/320/332 756/322/335
s 18
f 758/324/558 670/117/561 667/113/200 669/115/203
s 1
f 671/1166/574 878/491/486 666/489/199 665/488/198
f 650/437/178 651/456/179 879/1173/487 653/1171/181
f 699/173/243 696/172/240 698/442/242 906/434/514
f 789/210/383 790/211/384 902/430/510 791/212/385
f 1023/550/695 1016/543/688 1014/541/686 1015/542/687
f 1053/1130/725 1050/1133/722 1052/1131/724 1055/1128/727
f 891/403/499 862/383/470 860/381/468 861/382/469
f 863/384/471 886/400/494 859/379/467 858/378/466
f 884/1172/492 885/1170/493 889/1167/497 887/1168/495
f 937/1163/577 939/1161/579 938/1164/576 936/1165/575
s 18
f 931/428/566 935/451/569 932/435/560 929/423/559
s 40
f 933/440/564 930/424/563 926/420/550 928/422/553
s 35
f 921/415/540 733/257/539 730/254/292 732/256/295
s 18
f 734/258/528 714/238/527 711/231/260 713/235/263
s 1
f 715/565/521 882/234/490 710/232/259 709/230/258
f 694/224/238 695/225/239 883/237/491 697/227/241
f 633/161/153 630/160/150 632/444/152 944/446/584
f 811/286/411 812/287/412 946/447/586 813/288/413
f 997/506/669 1003/522/675 999/508/671 996/505/668
f 1006/533/678 1002/521/674 1004/531/676 1058/1125/730
f 1020/547/692 1019/546/691 1024/551/696 1059/1124/731
f 1022/549/694 1018/545/690 1021/548/693 1025/552/697
f 957/476/597 856/376/464 854/374/462 855/375/463
f 857/377/465 963/504/603 853/372/461 852/371/460
f 964/571/604 965/1160/605 967/1156/607 966/1158/606
f 971/1151/612 970/1152/611 968/1155/608 969/1153/610
s 18
f 975/469/624 974/467/623 972/454/614 973/455/617
s 37
f 980/482/636 979/481/635 976/470/626 978/472/629
s 41
f 983/485/640 762/328/639 759/325/340 761/327/343
s 18
f 763/329/646 648/93/649 645/83/170 647/91/173
s 1
f 649/436/662 876/519/484 644/426/169 643/409/168
f 628/276/148 629/277/149 877/523/485 631/335/151
f 677/169/213 674/168/210 676/503/212 962/502/602
f 848/367/456 849/368/457 958/477/598 850/369/458
f 1042/1141/714 1048/1135/720 1044/1139/716 1041/1142/713
f 1051/1132/723 1047/1136/719 1049/1134/721 1056/1127/728
f 1033/560/705 1039/1144/711 1057/1126/729 1034/561/706
f 1036/1147/708 1032/559/704 1035/562/707 1040/1143/712
f 947/457/587 868/390/476 866/388/474 867/389/475
f 869/391/477 942/445/582 865/386/473 864/385/472
f 940/524/580 941/563/581 945/1121/585 943/1123/583
f 993/1117/665 995/1115/667 994/1116/664 992/1120/663
s 18
f 987/494/654 991/498/657 988/495/648 985/492/647
s 41
f 989/496/652 986/493/651 982/484/638 984/486/641
s 37
f 977/471/628 745/311/627 742/308/312 744/310/315
s 18
f 746/312/616 692/133/615 689/129/230 691/131/233
s 1
f 693/1154/609 880/566/488 688/530/229 687/510/228
f 672/304/208 673/305/209 881/570/489 675/307/211
f 804/279/403 800/221/398 803/278/401 904/432/512
f 801/222/399 807/282/407 810/285/410 802/275/400
f 779/191/371 785/206/379 788/209/382 780/192/372
f 782/194/375 778/190/370 781/193/373 960/490/600
f 826/345/431 822/341/426 825/344/429 952/463/592
f 823/342/427 829/348/435 832/351/438 824/343/428
f 841/360/448 837/356/443 840/359/446 896/408/504
f 838/357/444 844/363/452 847/366/455 839/358/445
f 830/349/436 836/355/442 894/406/502 831/350/437
f 898/414/506 903/431/511 905/433/513 899/425/507
f 786/207/380 792/213/386 900/427/508 787/208/381
f 892/404/500 895/407/503 897/413/505 893/405/501
f 808/283/408 814/289/414 950/461/590 809/284/409
f 954/465/594 959/479/599 961/501/601 955/474/595
f 845/364/453 851/370/459 956/475/596 846/365/454
f 948/459/588 951/462/591 953/464/593 949/460/589
f 548/39/41 552/38/40 555/44/49 549/1114/48
f 560/65/57 563/48/56 554/43/43 553/40/42
f 568//69 572//68 575//77 569//76
f 580/75/85 583/55/84 574/54/71 573/53/70
f 588//97 592//96 595//105 589//104
f 600/265/113 603/268/112 594/264/99 593/205/98
f 608/85/125 612/89/124 615/1148/133 609/86/132
f 620/295/141 623/298/140 614/198/127 613/94/126
f 628/276/148 630/334/150 557/47/47 556/45/46
s 19
f 635/69/756 638/74/164 565/79/163 564/70/757
f 642/82/166 641/81/165 645/83/175 643/92/174
s 1
f 650//178 652//180 577//75 576//74
s 23
f 657/96/758 660/106/194 585/110/193 584/97/759
f 664/112/196 663/111/195 667/113/205 665/116/204
s 1
f 672/304/208 674/306/210 597/57/103 596/56/102
s 27
f 679/119/760 682/123/224 605/126/223 604/120/761
f 686/128/226 685/127/225 689/129/235 687/132/234
s 1
f 694/224/238 696/226/240 617/103/131 616/102/130
s 17
f 701/135/762 704/139/254 625/142/253 624/136/763
f 708/144/256 707/143/255 711/231/265 709/236/264
s 33
f 716/240/268 719/243/277 706/141/276 705/140/269
f 723/247/280 726/250/289 640/78/288 639/77/281
f 712/233/279 722/246/278 730/254/297 713/235/296
f 735/259/300 738/262/309 684/125/308 683/124/301
f 690/130/311 741/303/310 742/308/317 691/131/316
f 747/313/764 750/316/329 662/109/328 661/107/765
f 668/114/331 753/319/330 754/320/337 669/115/336
f 646/84/291 729/253/290 759/325/345 647/91/344
s 1
f 764/175/352 766/177/351 619/158/135 618/157/134
f 771/182/363 773/184/362 559/146/51 558/145/50
f 778/190/370 768/179/354 767/178/353 779/191/371
f 785/206/379 784/203/378 789/210/383 786/207/380
f 793/214/391 795/216/390 579/150/79 578/149/78
f 800/221/398 775/186/365 774/185/364 801/222/399
f 807/282/407 806/281/406 811/286/411 808/283/408
f 815/290/419 817/292/418 599/154/107 598/153/106
f 822/341/426 797/218/393 796/217/392 823/342/427
f 829/348/435 828/347/434 833/352/439 830/349/436
f 837/356/443 819/294/421 818/293/420 838/357/444
f 844/363/452 843/362/451 848/367/456 845/364/453
f 770/181/358 769/180/357 854/374/462 852/371/460
f 821/340/425 820/299/424 860/381/468 858/378/466
f 799/220/397 798/219/396 866/388/474 864/385/472
f 777/189/369 776/187/368 872/395/480 870/392/478
f 567/72/63 566/68/62 644/426/169 629/277/149
f 587/201/91 586/200/90 666/489/199 651/456/179
f 607/63/119 606/62/118 688/530/229 673/305/209
f 627/223/147 626/199/146 710/232/259 695/225/239
f 653//181 884//492 886//494 654//182
f 591//95 590//94 859//467 887//495
f 862/383/470 890/402/498 888/401/496 863/384/471
f 794/215/389 656/166/184 655/165/183 834/353/440
f 836/355/442 835/354/441 891/403/499 892/404/500
f 895/407/503 861/382/469 842/361/449 841/360/448
f 792/213/386 791/212/385 901/429/509 898/414/506
f 903/431/511 873/396/481 805/280/404 804/279/403
f 874/397/482 902/430/510 906/434/514 875/398/483
f 765/176/350 700/174/244 699/173/243 790/211/384
f 697/227/241 908/412/516 907/448/515 698/228/242
f 551/42/39 550/41/38 871/478/479 910/449/518
f 882/234/490 912/499/520 909/441/517 883/237/491
f 562/513/55 561/514/54 911/515/519 914/516/523
s 17
f 714/238/266 916/330/531 913/332/530 715/239/267
f 637/73/158 636/71/157 915/337/533 918/333/532
s 33
f 733/257/298 920/411/543 917/331/542 734/258/299
f 725/249/283 724/248/282 919/338/545 923/417/544
f 757/323/338 926/420/555 929/423/554 758/324/339
f 737/261/303 736/260/302 931/428/557 930/424/556
s 23
f 670/117/206 932/435/571 936/452/570 671/118/207
f 681/122/218 680/121/217 937/453/573 935/451/572
s 1
f 878/491/486 938/1164/576 885/1170/493 879/1173/487
f 602/267/111 601/266/110 889/1167/497 939/1161/579
f 631/335/151 940/524/580 942/564/582 632/336/152
f 571/270/67 570/196/66 865/1122/473 943/1123/583
f 868/390/476 946/447/586 944/446/584 869/391/477
f 772/183/361 634/162/154 633/161/153 812/287/412
f 814/289/414 813/288/413 947/457/587 948/459/588
f 951/462/591 867/389/475 827/346/432 826/345/431
f 851/370/459 850/369/458 957/476/597 954/465/594
f 959/479/599 855/375/463 783/195/376 782/194/375
f 856/376/464 958/477/598 962/502/602 857/377/465
f 816/291/417 678/170/214 677/169/213 849/368/457
f 675//211 964//604 963//603 676//212
f 611/517/123 610/518/122 853/525/461 966/526/606
f 880/566/488 968/1155/608 965/1160/605 881/570/489
f 622/297/139 621/296/138 967/1156/607 970/1152/611
s 27
f 692/133/236 972/454/619 969/458/618 693/134/237
f 703/138/248 702/137/247 971/468/621 974/467/620
s 33
f 745/311/318 976/470/631 973/455/630 746/312/319
f 718/242/271 717/241/270 975/469/633 979/481/632
f 762/328/346 982/484/643 985/492/642 763/329/347
f 749/315/323 748/314/322 987/494/645 986/493/644
s 19
f 648/93/176 988/495/659 992/511/658 649/95/177
f 659/105/188 658/98/187 993/512/661 991/498/660
s 1
f 876/519/484 994/1116/664 941/563/581 877/523/485
f 582/274/83 581/273/82 945/1121/585 995/1115/667
f 996/505/668 998/507/670 810/285/410 809/284/409
f 1002/521/674 1005/532/677 1000/509/672 999/508/671
f 905/433/513 904/432/512 1009/536/681 1008/535/680
f 1001/520/673 803/278/401 802/275/400
f 781/193/373 780/192/372 1011/538/683
f 1014/541/686 1013/540/685 788/209/382 787/208/381
f 1018/545/690 1017/544/689 1016/543/688 1019/546/691
f 961/501/601 960/490/600 1012/539/684 1022/549/694
f 1026/553/698 1028/555/700 832/351/438 831/350/437
f 1032/559/704 1030/557/702 1029/556/701 1033/560/705
f 953/464/593 952/463/592 1037/1146/709 1036/1147/708
f 1031/558/703 825/344/429 824/343/428
f 1041/1142/713 1043/1140/715 847/366/455 846/365/454
f 1047/1136/719 1050/1133/722 1045/1138/717 1044/1139/716
f 897/413/505 896/408/504 1054/1129/726 1053/1130/725
f 1046/1137/718 840/359/446 839/358/445
f 1055/1128/727 1027/554/699 894/406/502 893/405/501
f 1039/1144/711 1038/1145/710 1052/1131/724 1051/1132/723
f 1024/551/696 1023/550/695 1007/534/679 1006/533/678
f 900/427/508 899/425/507 1010/537/682 1015/542/687
f 1040/1143/712 997/506/669 950/461/590 949/460/589
f 1034/561/706 1004/531/676 1003/522/675 1035/562/707
f 1056/1127/728 1059/1124/731 1058/1125/730 1057/1126/729
f 1048/1135/720 1021/548/693 1020/547/692 1049/1134/721
f 956/475/596 955/474/595 1025/552/697 1042/1141/714
s 50
f 36/597/766 280/598/767 281/599/768 39/600/769
f 37/601/770 42/602/771 43/603/772 36/597/773
f 38/604/774 70/605/775 71/606/776 37/601/777
f 39/600/778 162/607/779 163/608/780 38/604/781
f 40/609/782 288/610/783 289/611/784 43/603/785
f 41/612/786 74/613/787 75/614/788 40/609/789
f 42/602/790 220/615/791 221/616/792 41/612/793
f 44/617/794 340/618/795 341/619/796 47/620/797
f 45/621/798 50/622/799 51/623/800 44/617/801
f 46/624/802 82/625/803 83/626/804 45/621/805
f 47/620/806 174/627/807 175/628/808 46/624/809
f 48/629/810 428/630/811 429/631/812 51/623/813
f 49/632/814 86/633/815 87/634/816 48/629/817
f 50/622/818 224/635/819 225/636/820 49/632/821
f 52/637/822 240/638/823 241/639/824 55/640/825
f 53/641/826 58/642/827 59/643/828 52/637/829
f 54/644/830 94/645/831 95/646/832 53/641/833
f 55/640/834 186/647/835 187/648/836 54/644/837
f 56/649/838 328/650/839 329/651/840 59/643/841
f 57/652/842 98/653/843 99/654/844 56/649/845
f 58/642/846 228/655/847 229/656/848 57/652/849
f 60/657/850 380/658/851 381/659/852 63/660/853
f 61/661/854 66/662/855 67/663/856 60/657/857
f 62/664/858 106/665/859 107/666/860 61/661/861
f 63/660/862 158/667/863 159/668/864 62/664/865
f 64/669/866 388/670/867 389/671/868 67/663/869
f 65/672/870 110/673/871 111/674/872 64/669/873
f 66/662/874 232/675/875 233/676/876 65/672/877
f 68/677/878 223/678/879 220/615/791 71/606/776
f 69/679/880 339/680/881 336/681/882 68/677/878
f 70/605/775 349/682/883 350/683/884 69/679/880
s 72
f 72/684/885 296/685/886 297/686/887 75/614/888
s 73
f 73/687/889 122/688/890 123/689/891 72/684/892
s 74
f 74/613/893 76/690/894 77/691/895 73/687/896
s 50
f 76/690/897 221/616/792 222/692/898 79/693/899
s 73
f 78/694/900 147/695/901 144/696/902 77/691/903
s 74
f 79/693/904 419/697/905 416/698/906 78/694/907
s 50
f 80/699/908 227/700/909 224/635/819 83/626/804
f 81/701/910 239/702/911 236/703/912 80/699/908
f 82/625/803 249/704/913 250/705/914 81/701/910
s 74
f 84/706/915 420/707/916 421/708/917 87/634/918
s 73
f 85/709/919 138/710/920 139/711/921 84/706/922
s 81
f 86/633/923 88/712/924 89/713/925 85/709/926
s 50
f 88/712/927 225/636/820 226/714/928 91/715/929
s 73
f 90/716/930 143/717/931 140/718/932 89/713/933
s 81
f 91/715/934 319/719/935 316/720/936 90/716/937
s 50
f 92/721/938 231/722/939 228/655/847 95/646/832
f 93/723/940 379/724/941 376/725/942 92/721/938
f 94/645/831 373/726/943 374/727/944 93/723/940
s 81
f 96/728/945 320/729/946 321/730/947 99/654/948
s 73
f 97/731/949 130/732/950 131/733/951 96/728/952
s 88
f 98/653/953 100/734/954 101/735/955 97/731/956
s 50
f 100/734/957 229/656/848 230/736/958 103/737/959
s 73
f 102/738/960 135/739/961 132/740/962 101/735/963
s 88
f 103/737/964 395/741/965 392/742/966 102/738/967
s 50
f 104/743/968 235/744/969 232/675/875 107/666/860
f 105/745/970 279/746/971 276/747/972 104/743/968
f 106/665/859 273/748/973 274/749/974 105/745/970
s 88
f 108/750/975 396/751/976 397/752/977 111/674/978
s 73
f 109/753/979 118/754/980 119/755/981 108/750/982
s 72
f 110/673/983 112/756/984 113/757/985 109/753/986
s 50
f 112/756/987 233/676/876 234/758/988 115/759/989
s 73
f 114/760/990 127/761/991 124/762/992 113/757/993
s 72
f 115/759/994 295/763/995 292/764/996 114/760/997
s 98
f 116/765/998 404/766/999 405/767/1000 119/755/1001
s off
f 117/768/1002 148/769/1003 149/770/1004 116/765/1005
s 98
f 118/754/1006 124/762/1007 125/771/1008 117/768/1009
f 120/772/1010 304/773/1011 305/774/1012 123/689/1013
s off
f 121/775/1014 150/776/1015 151/777/1016 120/772/1017
s 98
f 122/688/1018 144/696/1019 145/778/1020 121/775/1021
s 102
f 126/779/1022 442/780/1023 443/781/1024 125/771/1025
s 98
f 127/761/1026 303/782/1027 300/783/1028 126/779/1029
f 128/784/1030 312/785/1031 313/786/1032 131/733/1033
s off
f 129/787/1034 152/788/1035 153/789/1036 128/784/1037
s 98
f 130/732/1038 132/740/1039 133/790/1040 129/787/1041
s 106
f 134/791/1042 450/792/1043 451/793/1044 133/790/1045
s 98
f 135/739/1046 403/794/1047 400/795/1048 134/791/1049
f 136/796/1050 412/797/1051 413/798/1052 139/711/1053
s off
f 137/799/1054 154/800/1055 155/801/1056 136/796/1057
s 98
f 138/710/1058 140/718/1059 141/802/1060 137/799/1061
s 110
f 142/803/1062 438/804/1063 439/805/1064 141/802/1065
s 98
f 143/717/1066 311/806/1067 308/807/1068 142/803/1069
s 112
f 146/808/1070 446/809/1071 447/810/1072 145/778/1073
s 98
f 147/695/1074 411/811/1075 408/812/1076 146/808/1077
s 50
f 156/813/1078 272/814/1079 273/748/973 159/668/1080
f 157/815/1081 165/816/1082 166/817/1083 156/813/1084
f 158/667/1085 204/818/1086 205/819/1087 157/815/1088
f 160/820/1089 348/821/1090 349/682/883 163/608/1091
f 161/822/1092 177/823/1093 178/824/1094 160/820/1095
f 162/607/1096 216/825/1097 217/826/1098 161/822/1099
f 164/827/1100 467/828/1101 468/829/1102 167/830/1103
f 165/816/1104 366/831/1105 367/832/1106 164/827/1100
f 167/830/1103 168/833/1107 169/834/1108 166/817/1109
f 168/833/1107 472/835/1110 473/836/1111 171/837/1112
f 170/838/1113 275/839/1114 272/814/1079 169/834/1108
f 171/837/1112 260/840/1115 261/841/1116 170/838/1113
f 172/842/1117 248/843/1118 249/704/913 175/628/1119
f 173/844/1120 189/845/1121 190/846/1122 172/842/1123
f 174/627/1124 212/847/1125 213/848/1126 173/844/1127
f 176/849/1128 465/850/1129 466/851/1130 179/852/1131
f 177/823/1132 266/853/1133 267/854/1134 176/849/1128
f 179/852/1131 180/855/1135 181/856/1136 178/824/1137
f 180/855/1135 454/857/1138 455/858/1139 183/859/1140
f 182/860/1141 351/861/1142 348/821/1090 181/856/1136
f 183/859/1140 352/862/1143 353/863/1144 182/860/1141
f 184/864/1145 372/865/1146 373/726/943 187/648/1147
f 185/866/1148 197/867/1149 198/868/1150 184/864/1151
f 186/647/1152 208/869/1153 209/870/1154 185/866/1155
f 188/871/1156 495/872/1157 496/873/1158 191/874/1159
f 189/845/1160 358/875/1161 359/876/1162 188/871/1156
f 191/874/1159 192/877/1163 193/878/1164 190/846/1165
f 192/877/1163 484/879/1166 485/880/1167 195/881/1168
f 194/882/1169 251/883/1170 248/843/1118 193/878/1164
f 195/881/1168 252/884/1171 253/885/1172 194/882/1169
f 196/886/1173 510/887/1174 511/888/1175 199/889/1176
f 197/867/1177 258/890/1178 259/891/1179 196/886/1173
f 199/889/1176 200/892/1180 201/893/1181 198/868/1182
f 200/892/1180 499/894/1183 500/895/1184 203/896/1185
f 202/897/1186 375/898/1187 372/865/1146 201/893/1181
f 203/896/1185 360/899/1188 361/900/1189 202/897/1186
f 204/818/1086 381/659/852 382/901/1190 207/902/1191
f 206/903/1192 365/904/1193 366/831/1105 205/819/1087
f 207/902/1191 371/905/1194 368/906/1195 206/903/1192
f 208/869/1153 241/639/824 242/907/1196 211/908/1197
f 210/909/1198 257/910/1199 258/890/1178 209/870/1154
f 211/908/1197 247/911/1200 244/912/1201 210/909/1198
f 212/847/1125 341/619/796 342/913/1202 215/914/1203
f 214/915/1204 357/916/1205 358/875/1161 213/848/1126
f 215/914/1203 347/917/1206 344/918/1207 214/915/1204
f 216/825/1097 281/599/768 282/919/1208 219/920/1209
f 218/921/1210 265/922/1211 266/853/1133 217/826/1098
f 219/920/1209 271/923/1212 268/924/1213 218/921/1210
f 223/678/879 427/925/1214 424/926/1215 222/692/898
f 227/700/909 327/927/1216 324/928/1217 226/714/928
f 231/722/939 387/929/1218 384/930/1219 230/736/958
f 235/744/969 287/931/1220 284/932/1221 234/758/988
f 237/933/1222 326/934/1223 327/927/1216 236/703/912
f 238/935/1224 242/907/1196 243/936/1225 237/933/1222
f 239/702/911 246/937/1226 247/911/1200 238/935/1224
f 240/638/823 329/651/840 330/938/1227 243/936/1225
f 245/939/1228 253/885/1172 254/940/1229 244/912/1201
f 246/937/1226 250/705/914 251/883/1170 245/939/1228
f 252/884/1171 514/941/1230 515/942/1231 255/943/1232
f 255/943/1232 256/944/1233 257/910/1199 254/940/1229
f 256/944/1233 505/945/1234 506/946/1235 259/891/1179
f 260/840/1115 524/947/1236 525/948/1237 263/949/1238
f 262/950/1239 268/924/1213 269/951/1240 261/841/1116
f 263/949/1238 264/952/1241 265/922/1211 262/950/1239
f 264/952/1241 460/953/1242 461/954/1243 267/854/1134
f 270/955/1244 274/749/974 275/839/1114 269/951/1240
f 271/923/1212 278/956/1245 279/746/971 270/955/1244
f 277/957/1246 286/958/1247 287/931/1220 276/747/972
f 278/956/1245 282/919/1208 283/959/1248 277/957/1246
f 280/598/767 289/611/784 290/960/1249 283/959/1248
f 285/961/1250 294/962/1251 295/763/1252 284/932/1221
f 286/958/1247 290/960/1249 291/963/1253 285/961/1250
f 288/610/783 297/686/1254 298/964/1255 291/963/1253
s 73
f 293/965/1256 302/966/1257 303/782/1258 292/764/1259
s 72
f 294/962/1260 298/964/1261 299/967/1262 293/965/1263
s 73
f 296/685/1264 305/774/1265 306/968/1266 299/967/1267
s 102
f 301/969/1268 332/970/1269 333/971/1270 300/783/1271
s 98
f 302/966/1272 306/968/1273 307/972/1274 301/969/1275
s 102
f 304/773/1276 436/973/1277 437/974/1278 307/972/1279
s 110
f 309/975/1280 334/976/1281 335/977/1282 308/807/1283
s 98
f 310/978/1284 314/979/1285 315/980/1286 309/975/1287
s 73
f 311/806/1288 316/720/1289 317/981/1290 310/978/1291
s 110
f 312/785/1292 440/982/1293 441/983/1294 315/980/1295
s 73
f 314/979/1296 323/984/1297 320/729/1298 313/786/1299
s 81
f 318/985/1300 322/986/1301 323/984/1302 317/981/1303
s 50
f 319/719/1304 324/928/1217 325/987/1305 318/985/1306
f 322/986/1307 331/988/1308 328/650/839 321/730/1309
f 326/934/1223 330/938/1227 331/988/1308 325/987/1305
f 337/989/1310 426/990/1311 427/925/1214 336/681/882
f 338/991/1312 342/913/1202 343/992/1313 337/989/1310
f 339/680/881 346/993/1314 347/917/1206 338/991/1312
f 340/618/795 429/631/812 430/994/1315 343/992/1313
f 345/995/1316 353/863/1144 354/996/1317 344/918/1207
f 346/993/1314 350/683/884 351/861/1142 345/995/1316
f 352/862/1143 530/997/1318 531/998/1319 355/999/1320
f 355/999/1320 356/1000/1321 357/916/1205 354/996/1317
f 356/1000/1321 490/1001/1322 491/1002/1323 359/876/1162
f 360/899/1188 544/1003/1324 545/1004/1325 363/1005/1326
f 362/1006/1327 368/906/1195 369/1007/1328 361/900/1189
f 363/1005/1326 364/1008/1329 365/904/1193 362/1006/1327
f 364/1008/1329 478/1009/1330 479/1010/1331 367/832/1106
f 370/1011/1332 374/727/944 375/898/1187 369/1007/1328
f 371/905/1194 378/1012/1333 379/724/941 370/1011/1332
f 377/1013/1334 386/1014/1335 387/929/1218 376/725/942
f 378/1012/1333 382/901/1190 383/1015/1336 377/1013/1334
f 380/658/851 389/671/868 390/1016/1337 383/1015/1336
f 385/1017/1338 394/1018/1339 395/741/1340 384/930/1219
f 386/1014/1335 390/1016/1337 391/1019/1341 385/1017/1338
f 388/670/867 397/752/1342 398/1020/1343 391/1019/1341
s 73
f 393/1021/1344 402/1022/1345 403/794/1346 392/742/1347
s 88
f 394/1018/1348 398/1020/1349 399/1023/1350 393/1021/1351
s 73
f 396/751/1352 405/767/1353 406/1024/1354 399/1023/1355
s 106
f 401/1025/1356 432/1026/1357 433/1027/1358 400/795/1359
s 98
f 402/1022/1360 406/1024/1361 407/1028/1362 401/1025/1363
s 106
f 404/766/1364 444/1029/1365 445/1030/1366 407/1028/1367
s 112
f 409/1031/1368 434/1032/1369 435/1033/1370 408/812/1371
s 98
f 410/1034/1372 414/1035/1373 415/1036/1374 409/1031/1375
s 73
f 411/811/1376 416/698/1377 417/1037/1378 410/1034/1379
s 112
f 412/797/1380 448/1038/1381 449/1039/1382 415/1036/1383
s 73
f 414/1035/1384 423/1040/1385 420/707/1386 413/798/1387
s 74
f 418/1041/1388 422/1042/1389 423/1040/1390 417/1037/1391
s 50
f 419/697/1392 424/926/1215 425/1043/1393 418/1041/1394
f 422/1042/1395 431/1044/1396 428/630/811 421/708/1397
f 426/990/1311 430/994/1315 431/1044/1396 425/1043/1393
f 452/1045/1398 529/1046/1399 530/997/1318 455/858/1139
f 453/1047/1400 458/1048/1401 459/1049/1402 452/1045/1398
f 454/857/1138 466/851/1130 464/1050/1403 453/1047/1400
f 456/1051/1404 533/1052/1405 534/1053/1406 459/1049/1402
f 457/1054/1407 522/1055/1408 523/1056/1409 456/1051/1404
f 458/1048/1401 462/1057/1410 463/1058/1411 457/1054/1407
f 460/953/1242 525/948/1237 526/1059/1412 463/1058/1411
f 462/1057/1410 464/1050/1403 465/850/1129 461/954/1243
f 467/828/1101 479/1010/1331 480/1060/1413 469/1061/1414
f 469/1061/1414 471/1062/1415 472/835/1110 468/829/1102
f 470/1063/1416 527/1064/1417 524/947/1236 473/836/1111
f 471/1062/1415 475/1065/1418 476/1066/1419 470/1063/1416
f 474/1067/1420 541/1068/1421 542/1069/1422 477/1070/1423
f 475/1065/1418 480/1060/1413 481/1071/1424 474/1067/1420
f 477/1070/1423 520/1072/1425 521/1073/1426 476/1066/1419
f 478/1009/1330 545/1004/1325 546/1074/1427 481/1071/1424
f 482/1075/1428 513/1076/1429 514/941/1230 485/880/1167
f 483/1077/1430 487/1078/1431 488/1079/1432 482/1075/1428
f 484/879/1166 496/873/1158 494/1080/1433 483/1077/1430
f 486/1081/1434 535/1082/1435 532/1083/1436 489/1084/1437
f 487/1078/1431 492/1085/1438 493/1086/1439 486/1081/1434
f 489/1084/1437 516/1087/1440 517/1088/1441 488/1079/1432
f 490/1001/1322 531/998/1319 528/1089/1442 493/1086/1439
f 492/1085/1438 494/1080/1433 495/872/1157 491/1002/1323
f 497/1090/1443 547/1091/1444 544/1003/1324 500/895/1184
f 498/1092/1445 503/1093/1446 504/1094/1447 497/1090/1443
f 499/894/1183 511/888/1175 509/1095/1448 498/1092/1445
f 501/1096/1449 543/1097/1450 540/1098/1451 504/1094/1447
f 502/1099/1452 518/1100/1453 519/1101/1454 501/1096/1449
f 503/1093/1446 507/1102/1455 508/1103/1456 502/1099/1452
f 505/945/1234 515/942/1231 512/1104/1457 508/1103/1456
f 507/1102/1455 509/1095/1448 510/887/1174 506/946/1235
f 513/1076/1429 517/1088/1441 518/1100/1453 512/1104/1457
f 516/1087/1440 539/1105/1458 536/1106/1459 519/1101/1454
f 520/1072/1425 537/1107/1460 538/1108/1461 523/1056/1409
f 522/1055/1408 526/1059/1412 527/1064/1417 521/1073/1426
f 529/1046/1399 534/1053/1406 535/1082/1435 528/1089/1442
f 533/1052/1405 538/1108/1461 539/1105/1458 532/1083/1436
f 537/1107/1460 542/1069/1422 543/1097/1450 536/1106/1459
f 541/1068/1421 546/1074/1427 547/1091/1444 540/1098/1451
f 37/601/777 71/606/776 220/615/791 42/602/790
f 45/621/805 83/626/804 224/635/819 50/622/818
f 380/658/851 60/657/850 67/663/869 389/671/868
f 280/598/767 36/597/766 43/603/785 289/611/784
f 453/1047/1400 464/1050/1403 462/1057/1410 458/1048/1401
s 73
f 72/684/892 123/689/891 305/774/1265 296/685/1264
f 108/750/982 119/755/981 405/767/1353 396/751/1352
f 140/718/932 138/710/920 85/709/919 89/713/933
f 144/696/902 122/688/890 73/687/889 77/691/903
s 102
f 120/772/1462 151/777/1463 436/973/1277 304/773/1276
s 106
f 116/765/1464 149/770/1465 444/1029/1365 404/766/1364
s 110
f 439/805/1064 154/800/1466 137/799/1467 141/802/1065
s 112
f 447/810/1072 150/776/1468 121/775/1469 145/778/1073
s 50
f 216/825/1097 162/607/1096 39/600/769 281/599/768
f 38/604/774 163/608/1091 349/682/883 70/605/775
f 46/624/802 175/628/1119 249/704/913 82/625/803
f 204/818/1086 158/667/1085 63/660/853 381/659/852
f 366/831/1105 165/816/1104 157/815/1088 205/819/1087
f 172/842/1117 190/846/1165 193/878/1164 248/843/1118
f 160/820/1089 178/824/1137 181/856/1136 348/821/1090
f 266/853/1133 177/823/1132 161/822/1099 217/826/1098
f 76/690/897 74/613/1470 41/612/793 221/616/792
f 88/712/927 86/633/1471 49/632/821 225/636/820
f 64/669/866 111/674/1472 397/752/1342 388/670/867
f 40/609/782 75/614/1473 297/686/1254 288/610/783
f 208/869/1153 186/647/1152 55/640/825 241/639/824
f 258/890/1178 197/867/1177 185/866/1155 209/870/1154
f 469/1061/1414 480/1060/1413 475/1065/1418 471/1062/1415
f 156/813/1078 166/817/1109 169/834/1108 272/814/1079
f 62/664/858 159/668/1080 273/748/973 106/665/859
f 61/661/861 107/666/860 232/675/875 66/662/874
f 112/756/987 110/673/1474 65/672/877 233/676/876
s 73
f 124/762/992 118/754/980 109/753/979 113/757/993
s 102
f 443/781/1024 148/769/1475 117/768/1476 125/771/1025
s 110
f 128/784/1477 153/789/1478 440/982/1293 312/785/1292
s 73
f 96/728/952 131/733/951 313/786/1299 320/729/1298
s 50
f 56/649/838 99/654/1479 321/730/1309 328/650/839
f 240/638/823 52/637/822 59/643/841 329/651/840
f 212/847/1125 174/627/1124 47/620/797 341/619/796
f 358/875/1161 189/845/1160 173/844/1127 213/848/1126
f 483/1077/1430 494/1080/1433 492/1085/1438 487/1078/1431
f 498/1092/1445 509/1095/1448 507/1102/1455 503/1093/1446
f 184/864/1145 198/868/1182 201/893/1181 372/865/1146
f 54/644/830 187/648/1147 373/726/943 94/645/831
f 53/641/833 95/646/832 228/655/847 58/642/846
f 100/734/957 98/653/1480 57/652/849 229/656/848
s 73
f 132/740/962 130/732/950 97/731/949 101/735/963
s 106
f 451/793/1044 152/788/1481 129/787/1482 133/790/1045
s 112
f 136/796/1483 155/801/1484 448/1038/1381 412/797/1380
s 73
f 84/706/922 139/711/921 413/798/1387 420/707/1386
s 50
f 48/629/810 87/634/1485 421/708/1397 428/630/811
f 340/618/795 44/617/794 51/623/813 429/631/812
f 250/705/914 246/937/1226 239/702/911 81/701/910
f 194/882/1169 253/885/1172 245/939/1228 251/883/1170
f 513/1076/1429 482/1075/1428 488/1079/1432 517/1088/1441
f 463/1058/1411 526/1059/1412 522/1055/1408 457/1054/1407
f 262/950/1239 265/922/1211 218/921/1210 268/924/1213
f 271/923/1212 219/920/1209 282/919/1208 278/956/1245
f 277/957/1246 283/959/1248 290/960/1249 286/958/1247
f 298/964/1255 294/962/1251 285/961/1250 291/963/1253
s 73
f 306/968/1266 302/966/1257 293/965/1256 299/967/1267
s 102
f 437/974/1278 332/970/1269 301/969/1268 307/972/1279
s 110
f 335/977/1282 438/804/1063 142/803/1062 308/807/1283
s 73
f 311/806/1288 143/717/931 90/716/930 316/720/1289
s 50
f 319/719/1304 91/715/929 226/714/928 324/928/1217
f 80/699/908 236/703/912 327/927/1216 227/700/909
f 274/749/974 270/955/1244 279/746/971 105/745/970
f 170/838/1113 261/841/1116 269/951/1240 275/839/1114
f 521/1073/1426 527/1064/1417 470/1063/1416 476/1066/1419
f 508/1103/1456 512/1104/1457 518/1100/1453 502/1099/1452
f 254/940/1229 257/910/1199 210/909/1198 244/912/1201
f 247/911/1200 211/908/1197 242/907/1196 238/935/1224
f 237/933/1222 243/936/1225 330/938/1227 326/934/1223
f 322/986/1307 318/985/1306 325/987/1305 331/988/1308
s 73
f 314/979/1296 310/978/1291 317/981/1290 323/984/1297
s 110
f 441/983/1294 334/976/1281 309/975/1280 315/980/1295
s 102
f 333/971/1270 442/780/1023 126/779/1022 300/783/1271
s 73
f 303/782/1258 127/761/991 114/760/990 292/764/1259
s 50
f 295/763/1252 115/759/989 234/758/988 284/932/1221
f 104/743/968 276/747/972 287/931/1220 235/744/969
f 350/683/884 346/993/1314 339/680/881 69/679/880
f 182/860/1141 353/863/1144 345/995/1316 351/861/1142
f 529/1046/1399 452/1045/1398 459/1049/1402 534/1053/1406
f 523/1056/1409 538/1108/1461 533/1052/1405 456/1051/1404
f 542/1069/1422 537/1107/1460 520/1072/1425 477/1070/1423
f 481/1071/1424 546/1074/1427 541/1068/1421 474/1067/1420
f 362/1006/1327 365/904/1193 206/903/1192 368/906/1195
f 371/905/1194 207/902/1191 382/901/1190 378/1012/1333
f 377/1013/1334 383/1015/1336 390/1016/1337 386/1014/1335
f 398/1020/1343 394/1018/1339 385/1017/1338 391/1019/1341
s 73
f 406/1024/1354 402/1022/1345 393/1021/1344 399/1023/1355
s 106
f 445/1030/1366 432/1026/1357 401/1025/1356 407/1028/1367
s 112
f 435/1033/1370 446/809/1071 146/808/1070 408/812/1371
s 73
f 411/811/1376 147/695/901 78/694/900 416/698/1377
s 50
f 419/697/1392 79/693/899 222/692/898 424/926/1215
f 68/677/878 336/681/882 427/925/1214 223/678/879
f 374/727/944 370/1011/1332 379/724/941 93/723/940
f 202/897/1186 361/900/1189 369/1007/1328 375/898/1187
f 547/1091/1444 497/1090/1443 504/1094/1447 540/1098/1451
f 519/1101/1454 536/1106/1459 543/1097/1450 501/1096/1449
f 489/1084/1437 532/1083/1436 539/1105/1458 516/1087/1440
f 493/1086/1439 528/1089/1442 535/1082/1435 486/1081/1434
f 354/996/1317 357/916/1205 214/915/1204 344/918/1207
f 347/917/1206 215/914/1203 342/913/1202 338/991/1312
f 337/989/1310 343/992/1313 430/994/1315 426/990/1311
f 422/1042/1395 418/1041/1394 425/1043/1393 431/1044/1396
s 73
f 414/1035/1384 410/1034/1379 417/1037/1378 423/1040/1385
s 112
f 449/1039/1382 434/1032/1369 409/1031/1368 415/1036/1383
s 106
f 433/1027/1358 450/792/1043 134/791/1042 400/795/1359
s 73
f 403/794/1346 135/739/961 102/738/960 392/742/1347
s 50
f 395/741/1340 103/737/959 230/736/958 384/930/1219
f 92/721/938 376/725/942 387/929/1218 231/722/939
f 267/854/1134 461/954/1243 465/850/1129 176/849/1128
f 179/852/1131 466/851/1130 454/857/1138 180/855/1135
f 167/830/1103 468/829/1102 472/835/1110 168/833/1107
f 367/832/1106 479/1010/1331 467/828/1101 164/827/1100
f 359/876/1162 491/1002/1323 495/872/1157 188/871/1156
f 191/874/1159 496/873/1158 484/879/1166 192/877/1163
f 259/891/1179 506/946/1235 510/887/1174 196/886/1173
f 199/889/1176 511/888/1175 499/894/1183 200/892/1180
f 195/881/1168 485/880/1167 514/941/1230 252/884/1171
f 263/949/1238 525/948/1237 460/953/1242 264/952/1241
f 171/837/1112 473/836/1111 524/947/1236 260/840/1115
f 255/943/1232 515/942/1231 505/945/1234 256/944/1233
f 183/859/1140 455/858/1139 530/997/1318 352/862/1143
f 363/1005/1326 545/1004/1325 478/1009/1330 364/1008/1329
f 203/896/1185 500/895/1184 544/1003/1324 360/899/1188
f 355/999/1320 531/998/1319 490/1001/1322 356/1000/1321
f 36/597/773 39/600/778 38/604/781 37/601/770
f 40/609/789 43/603/772 42/602/771 41/612/786
f 44/617/801 47/620/806 46/624/809 45/621/798
f 48/629/817 51/623/800 50/622/799 49/632/814
f 52/637/829 55/640/834 54/644/837 53/641/826
f 56/649/845 59/643/828 58/642/827 57/652/842
f 60/657/857 63/660/862 62/664/865 61/661/854
f 64/669/873 67/663/856 66/662/855 65/672/870
f 68/677/878 71/606/776 70/605/775 69/679/880
s 74
f 72/684/1486 75/614/1487 74/613/893 73/687/896
f 76/690/894 79/693/904 78/694/907 77/691/895
s 50
f 80/699/908 83/626/804 82/625/803 81/701/910
s 81
f 84/706/1488 87/634/1489 86/633/923 85/709/926
f 88/712/924 91/715/934 90/716/937 89/713/925
s 50
f 92/721/938 95/646/832 94/645/831 93/723/940
s 88
f 96/728/1490 99/654/1491 98/653/953 97/731/956
f 100/734/954 103/737/964 102/738/967 101/735/955
s 50
f 104/743/968 107/666/860 106/665/859 105/745/970
s 72
f 108/750/1492 111/674/1493 110/673/983 109/753/986
f 112/756/984 115/759/994 114/760/997 113/757/985
s 98
f 116/765/998 119/755/1001 118/754/1006 117/768/1009
f 120/772/1010 123/689/1013 122/688/1018 121/775/1021
f 124/762/1007 127/761/1026 126/779/1029 125/771/1008
f 128/784/1030 131/733/1033 130/732/1038 129/787/1041
f 132/740/1039 135/739/1046 134/791/1049 133/790/1040
f 136/796/1494 139/711/1495 138/710/1058 137/799/1061
f 140/718/1059 143/717/1066 142/803/1069 141/802/1060
f 144/696/1019 147/695/1074 146/808/1077 145/778/1020
s 50
f 156/813/1084 159/668/864 158/667/863 157/815/1081
f 160/820/1095 163/608/780 162/607/779 161/822/1092
f 164/827/1100 167/830/1103 166/817/1083 165/816/1082
f 168/833/1107 171/837/1112 170/838/1113 169/834/1108
f 172/842/1123 175/628/808 174/627/807 173/844/1120
f 176/849/1128 179/852/1131 178/824/1094 177/823/1093
f 180/855/1135 183/859/1140 182/860/1141 181/856/1136
f 184/864/1151 187/648/836 186/647/835 185/866/1148
f 188/871/1156 191/874/1159 190/846/1122 189/845/1121
f 192/877/1163 195/881/1168 194/882/1169 193/878/1164
f 196/886/1173 199/889/1176 198/868/1150 197/867/1149
f 200/892/1180 203/896/1185 202/897/1186 201/893/1181
f 204/818/1086 207/902/1191 206/903/1192 205/819/1087
f 208/869/1153 211/908/1197 210/909/1198 209/870/1154
f 212/847/1125 215/914/1203 214/915/1204 213/848/1126
f 216/825/1097 219/920/1209 218/921/1210 217/826/1098
f 220/615/791 223/678/879 222/692/898 221/616/792
f 224/635/819 227/700/909 226/714/928 225/636/820
f 228/655/847 231/722/939 230/736/958 229/656/848
f 232/675/875 235/744/969 234/758/988 233/676/876
f 236/703/912 239/702/911 238/935/1224 237/933/1222
f 240/638/823 243/936/1225 242/907/1196 241/639/824
f 244/912/1201 247/911/1200 246/937/1226 245/939/1228
f 248/843/1118 251/883/1170 250/705/914 249/704/913
f 252/884/1171 255/943/1232 254/940/1229 253/885/1172
f 256/944/1233 259/891/1179 258/890/1178 257/910/1199
f 260/840/1115 263/949/1238 262/950/1239 261/841/1116
f 264/952/1241 267/854/1134 266/853/1133 265/922/1211
f 268/924/1213 271/923/1212 270/955/1244 269/951/1240
f 272/814/1079 275/839/1114 274/749/974 273/748/973
f 276/747/972 279/746/971 278/956/1245 277/957/1246
f 280/598/767 283/959/1248 282/919/1208 281/599/768
f 284/932/1221 287/931/1220 286/958/1247 285/961/1250
f 288/610/783 291/963/1253 290/960/1249 289/611/784
s 72
f 292/764/996 295/763/995 294/962/1260 293/965/1263
f 296/685/886 299/967/1262 298/964/1261 297/686/887
s 98
f 300/783/1028 303/782/1027 302/966/1272 301/969/1275
f 304/773/1011 307/972/1274 306/968/1273 305/774/1012
f 308/807/1068 311/806/1067 310/978/1284 309/975/1287
f 312/785/1031 315/980/1286 314/979/1285 313/786/1032
s 81
f 316/720/936 319/719/935 318/985/1300 317/981/1303
f 320/729/946 323/984/1302 322/986/1301 321/730/947
s 50
f 324/928/1217 327/927/1216 326/934/1223 325/987/1305
f 328/650/839 331/988/1308 330/938/1227 329/651/840
f 336/681/882 339/680/881 338/991/1312 337/989/1310
f 340/618/795 343/992/1313 342/913/1202 341/619/796
f 344/918/1207 347/917/1206 346/993/1314 345/995/1316
f 348/821/1090 351/861/1142 350/683/884 349/682/883
f 352/862/1143 355/999/1320 354/996/1317 353/863/1144
f 356/1000/1321 359/876/1162 358/875/1161 357/916/1205
f 360/899/1188 363/1005/1326 362/1006/1327 361/900/1189
f 364/1008/1329 367/832/1106 366/831/1105 365/904/1193
f 368/906/1195 371/905/1194 370/1011/1332 369/1007/1328
f 372/865/1146 375/898/1187 374/727/944 373/726/943
f 376/725/942 379/724/941 378/1012/1333 377/1013/1334
f 380/658/851 383/1015/1336 382/901/1190 381/659/852
f 384/930/1219 387/929/1218 386/1014/1335 385/1017/1338
f 388/670/867 391/1019/1341 390/1016/1337 389/671/868
s 88
f 392/742/966 395/741/965 394/1018/1348 393/1021/1351
f 396/751/976 399/1023/1350 398/1020/1349 397/752/977
s 98
f 400/795/1048 403/794/1047 402/1022/1360 401/1025/1363
f 404/766/999 407/1028/1362 406/1024/1361 405/767/1000
f 408/812/1076 411/811/1075 410/1034/1372 409/1031/1375
f 412/797/1051 415/1036/1374 414/1035/1373 413/798/1052
s 74
f 416/698/906 419/697/905 418/1041/1388 417/1037/1391
f 420/707/916 423/1040/1390 422/1042/1389 421/708/917
s 50
f 424/926/1215 427/925/1214 426/990/1311 425/1043/1393
f 428/630/811 431/1044/1396 430/994/1315 429/631/812
f 452/1045/1398 455/858/1139 454/857/1138 453/1047/1400
f 456/1051/1404 459/1049/1402 458/1048/1401 457/1054/1407
f 460/953/1242 463/1058/1411 462/1057/1410 461/954/1243
f 464/1050/1403 466/851/1130 465/850/1129
f 467/828/1101 469/1061/1414 468/829/1102
f 470/1063/1416 473/836/1111 472/835/1110 471/1062/1415
f 474/1067/1420 477/1070/1423 476/1066/1419 475/1065/1418
f 478/1009/1330 481/1071/1424 480/1060/1413 479/1010/1331
f 482/1075/1428 485/880/1167 484/879/1166 483/1077/1430
f 486/1081/1434 489/1084/1437 488/1079/1432 487/1078/1431
f 490/1001/1322 493/1086/1439 492/1085/1438 491/1002/1323
f 494/1080/1433 496/873/1158 495/872/1157
f 497/1090/1443 500/895/1184 499/894/1183 498/1092/1445
f 501/1096/1449 504/1094/1447 503/1093/1446 502/1099/1452
f 505/945/1234 508/1103/1456 507/1102/1455 506/946/1235
f 509/1095/1448 511/888/1175 510/887/1174
f 512/1104/1457 515/942/1231 514/941/1230 513/1076/1429
f 516/1087/1440 519/1101/1454 518/1100/1453 517/1088/1441
f 520/1072/1425 523/1056/1409 522/1055/1408 521/1073/1426
f 524/947/1236 527/1064/1417 526/1059/1412 525/948/1237
f 528/1089/1442 531/998/1319 530/997/1318 529/1046/1399
f 532/1083/1436 535/1082/1435 534/1053/1406 533/1052/1405
f 536/1106/1459 539/1105/1458 538/1108/1461 537/1107/1460
f 540/1098/1451 543/1097/1450 542/1069/1422 541/1068/1421
f 544/1003/1324 547/1091/1444 546/1074/1427 545/1004/1325
s 163
f 149/527/1496 148/528/1497 721/245/1498 720/244/1499
f 151/529/1500 150/567/1501 728/252/1502 727/251/1503
f 443/568/1504 442/569/1505 732/256/1506 731/255/1507
f 153/572/1508 152/573/1509 740/300/1510 739/263/1511
f 451/574/1512 450/575/1513 744/310/1514 743/309/1515
f 155/578/1516 154/579/1517 752/318/1518 751/317/1519
f 439/580/1520 438/581/1521 756/322/1522 755/321/1523
f 447/585/1524 446/586/1525 761/327/1526 760/326/1527
f 333/587/1528 332/588/1529 922/416/1530 921/415/1531
f 437/589/1532 436/590/1533 925/419/1534 924/418/1535
f 335/591/1536 334/592/1537 928/422/1538 927/421/1539
f 441/593/1540 440/594/1541 934/450/1542 933/440/1543
f 433/595/1544 432/596/1545 978/472/1546 977/471/1547
f 445/1109/1548 444/1110/1549 981/483/1550 980/482/1551
f 435/1111/1552 434/1113/1553 984/486/1554 983/485/1555
f 449/1118/1556 448/1119/1557 990/497/1558 989/496/1559
f 436/590/1533 151/529/1500 727/251/1503 925/419/1534
f 444/1110/1549 149/527/1496 720/244/1499 981/483/1550
f 154/579/1517 439/580/1520 755/321/1523 752/318/1518
f 150/567/1501 447/585/1524 760/326/1527 728/252/1502
f 148/528/1497 443/568/1504 731/255/1507 721/245/1498
f 440/594/1541 153/572/1508 739/263/1511 934/450/1542
f 152/573/1509 451/574/1512 743/309/1515 740/300/1510
f 448/1119/1557 155/578/1516 751/317/1519 990/497/1558
f 332/588/1529 437/589/1532 924/418/1535 922/416/1530
f 438/581/1521 335/591/1536 927/421/1539 756/322/1522
f 334/592/1537 441/593/1540 933/440/1543 928/422/1538
f 442/569/1505 333/587/1528 921/415/1531 732/256/1506
f 432/596/1545 445/1109/1548 980/482/1551 978/472/1546
f 446/586/1525 435/1111/1552 983/485/1555 761/327/1526
f 434/1113/1553 449/1118/1556 989/496/1559 984/486/1554
f 450/575/1513 433/595/1544 977/471/1547 744/310/1514
s 175
f 1060/1174/1560 1063/1175/1561 1254/1176/1562 1253/1177/1563
f 1061/1178/1564 1060/1174/1560 1067/1179/1565 1066/1180/1566
f 1062/1181/1567 1061/1178/1564 1094/1182/1568 1093/1183/1569
f 1063/1175/1561 1062/1181/1567 1085/1184/1570 1084/1185/1571
f 1064/1186/1572 1067/1179/1565 1262/1187/1573 1261/1188/1574
f 1065/1189/1575 1064/1186/1572 1071/1190/1576 1070/1191/1577
f 1066/1180/1566 1065/1189/1575 1098/1192/1578 1097/1193/1579
f 1068/1194/1580 1071/1190/1576 1270/1195/1581 1269/1196/1582
f 1069/1197/1583 1068/1194/1580 1091/1198/1584 1090/1199/1585
f 1070/1191/1577 1069/1197/1583 1102/1200/1586 1101/1201/1587
f 1072/1202/1588 1075/1203/1589 1274/1204/1590 1273/1205/1591
f 1073/1206/1592 1072/1202/1588 1087/1207/1593 1086/1208/1594
f 1074/1209/1595 1073/1206/1592 1106/1210/1596 1105/1211/1597
f 1075/1203/1589 1074/1209/1595 1077/1212/1598 1076/1213/1599
f 1076/1213/1599 1079/1214/1600 1278/1215/1601 1277/1216/1602
f 1078/1217/1603 1077/1212/1598 1110/1218/1604 1109/1219/1605
f 1079/1214/1600 1078/1217/1603 1081/1220/1606 1080/1221/1607
f 1080/1221/1607 1083/1222/1608 1282/1223/1609 1281/1224/1610
f 1082/1225/1611 1081/1220/1606 1114/1226/1612 1113/1227/1613
f 1083/1222/1608 1082/1225/1611 1089/1228/1614 1088/1229/1615
f 1084/1185/1571 1087/1207/1593 1258/1230/1616 1257/1231/1617
f 1086/1208/1594 1085/1184/1570 1118/1232/1618 1117/1233/1619
f 1088/1229/1615 1091/1198/1584 1266/1234/1620 1265/1235/1621
f 1090/1199/1585 1089/1228/1614 1122/1236/1622 1121/1237/1623
f 1092/1238/1624 1095/1239/1625 1126/1240/1626 1125/1241/1627
f 1093/1183/1569 1092/1238/1624 1119/1242/1628 1118/1232/1618
f 1095/1239/1625 1094/1182/1568 1097/1193/1579 1096/1243/1629
f 1096/1243/1629 1099/1244/1630 1130/1245/1631 1129/1246/1632
f 1099/1244/1630 1098/1192/1578 1101/1201/1587 1100/1247/1633
f 1100/1247/1633 1103/1248/1634 1134/1249/1635 1133/1250/1636
f 1103/1248/1634 1102/1200/1586 1121/1237/1623 1120/1251/1637
f 1104/1252/1638 1107/1253/1639 1138/1254/1640 1137/1255/1641
f 1105/1211/1597 1104/1252/1638 1111/1256/1642 1110/1218/1604
f 1107/1253/1639 1106/1210/1596 1117/1233/1619 1116/1257/1643
f 1108/1258/1644 1111/1256/1642 1142/1259/1645 1141/1260/1646
f 1109/1219/1605 1108/1258/1644 1115/1261/1647 1114/1226/1612
f 1112/1262/1648 1115/1261/1647 1146/1263/1649 1145/1264/1650
f 1113/1227/1613 1112/1262/1648 1123/1265/1651 1122/1236/1622
f 1116/1257/1643 1119/1242/1628 1150/1266/1652 1149/1267/1653
f 1120/1251/1637 1123/1265/1651 1154/1268/1654 1153/1269/1655
f 1124/1270/1656 1127/1271/1657 1158/1272/1658 1157/1273/1659
f 1125/1241/1627 1124/1270/1656 1151/1274/1660 1150/1266/1652
f 1127/1271/1657 1126/1240/1626 1129/1246/1632 1128/1275/1661
f 1128/1275/1661 1131/1276/1662 1162/1277/1663 1161/1278/1664
f 1131/1276/1662 1130/1245/1631 1133/1250/1636 1132/1279/1665
f 1132/1279/1665 1135/1280/1666 1166/1281/1667 1165/1282/1668
f 1135/1280/1666 1134/1249/1635 1153/1269/1655 1152/1283/1669
f 1136/1284/1670 1139/1285/1671 1170/1286/1672 1169/1287/1673
f 1137/1255/1641 1136/1284/1670 1143/1288/1674 1142/1259/1645
f 1139/1285/1671 1138/1254/1640 1149/1267/1653 1148/1289/1675
f 1140/1290/1676 1143/1288/1674 1174/1291/1677 1173/1292/1678
f 1141/1260/1646 1140/1290/1676 1147/1293/1679 1146/1263/1649
f 1144/1294/1680 1147/1293/1679 1178/1295/1681 1177/1296/1682
f 1145/1264/1650 1144/1294/1680 1155/1297/1683 1154/1268/1654
f 1148/1289/1675 1151/1274/1660 1182/1298/1684 1181/1299/1685
f 1152/1283/1669 1155/1297/1683 1186/1300/1686 1185/1301/1687
f 1156/1302/1688 1159/1303/1689 1190/1304/1690 1189/1305/1691
f 1157/1273/1659 1156/1302/1688 1183/1306/1692 1182/1298/1684
f 1159/1303/1689 1158/1272/1658 1161/1278/1664 1160/1307/1693
f 1160/1307/1693 1163/1308/1694 1194/1309/1695 1193/1310/1696
f 1163/1308/1694 1162/1277/1663 1165/1282/1668 1164/1311/1697
f 1164/1311/1697 1167/1312/1698 1198/1313/1699 1197/1314/1700
f 1167/1312/1698 1166/1281/1667 1185/1301/1687 1184/1315/1701
f 1168/1316/1702 1171/1317/1703 1202/1318/1704 1201/1319/1705
f 1169/1287/1673 1168/1316/1702 1175/1320/1706 1174/1291/1677
f 1171/1317/1703 1170/1286/1672 1181/1299/1685 1180/1321/1707
f 1172/1322/1708 1175/1320/1706 1206/1323/1709 1205/1324/1710
f 1173/1292/1678 1172/1322/1708 1179/1325/1711 1178/1295/1681
f 1176/1326/1712 1179/1325/1711 1210/1327/1713 1209/1328/1714
f 1177/1296/1682 1176/1326/1712 1187/1329/1715 1186/1300/1686
f 1180/1321/1707 1183/1306/1692 1214/1330/1716 1213/1331/1717
f 1184/1315/1701 1187/1329/1715 1218/1332/1718 1217/1333/1719
f 1188/1334/1720 1191/1335/1721 1222/1336/1722 1221/1337/1723
f 1189/1305/1691 1188/1334/1720 1215/1338/1724 1214/1330/1716
f 1191/1335/1721 1190/1304/1690 1193/1310/1696 1192/1339/1725
f 1192/1339/1725 1195/1340/1726 1226/1341/1727 1225/1342/1728
f 1195/1340/1726 1194/1309/1695 1197/1314/1700 1196/1343/1729
f 1196/1343/1729 1199/1344/1730 1229/1345/1731 1228/1346/1732
f 1199/1344/1730 1198/1313/1699 1217/1333/1719 1216/1347/1733
f 1200/1348/1734 1203/1349/1735 1233/1350/1736 1232/1351/1737
f 1201/1319/1705 1200/1348/1734 1207/1352/1738 1206/1323/1709
f 1203/1349/1735 1202/1318/1704 1213/1331/1717 1212/1353/1739
f 1204/1354/1740 1207/1352/1738 1236/1355/1741 1235/1356/1742
f 1205/1324/1710 1204/1354/1740 1211/1357/1743 1210/1327/1713
f 1208/1358/1744 1211/1357/1743 1240/1359/1745 1239/1360/1746
f 1209/1328/1714 1208/1358/1744 1219/1361/1747 1218/1332/1718
f 1212/1353/1739 1215/1338/1724 1243/1362/1748 1242/1363/1749
f 1216/1347/1733 1219/1361/1747 1247/1364/1750 1246/1365/1751
f 1220/1366/1752 1223/1367/1753 1250/1368/1754 1249/1369/1755
f 1221/1337/1723 1220/1366/1752 1244/1370/1756 1243/1362/1748
f 1223/1367/1753 1222/1336/1722 1225/1342/1728 1224/1371/1757
f 1224/1371/1757 1226/1341/1727 1228/1346/1732 1227/1372/1758
f 1227/1372/1758 1230/1373/1759 1251/1374/1760 1250/1368/1754
f 1230/1373/1759 1229/1345/1731 1246/1365/1751 1245/1375/1761
f 1231/1376/1762 1234/1377/1763 1249/1369/1755 1248/1378/1764
f 1232/1351/1737 1231/1376/1762 1237/1379/1765 1236/1355/1741
f 1234/1377/1763 1233/1350/1736 1242/1363/1749 1244/1370/1756
f 1235/1356/1742 1237/1379/1765 1241/1380/1766 1240/1359/1745
f 1238/1381/1767 1241/1380/1766 1248/1378/1764 1251/1374/1760
f 1239/1360/1746 1238/1381/1767 1245/1375/1761 1247/1364/1750
s 177
f 1252/1382/1768 1255/1383/1769 1286/1384/1770 1285/1385/1771
s 178
f 1253/1177/1772 1252/1382/1773 1263/1386/1774 1262/1187/1775
f 1255/1383/1776 1254/1176/1777 1257/1231/1778 1256/1387/1779
s 179
f 1256/1387/1780 1259/1388/1781 1290/1389/1782 1289/1390/1783
s 178
f 1259/1388/1784 1258/1230/1785 1273/1205/1786 1272/1391/1787
s 180
f 1260/1392/1788 1263/1386/1789 1294/1393/1790 1293/1394/1791
s 178
f 1261/1188/1792 1260/1392/1793 1271/1395/1794 1270/1195/1795
s 181
f 1264/1396/1796 1267/1397/1797 1298/1398/1798 1297/1399/1799
s 178
f 1265/1235/1800 1264/1396/1801 1283/1400/1802 1282/1223/1803
f 1267/1397/1804 1266/1234/1805 1269/1196/1806 1268/1401/1807
s 183
f 1268/1401/1808 1271/1395/1809 1302/1402/1810 1301/1403/1811
s 184
f 1272/1391/1812 1275/1404/1813 1306/1405/1814 1305/1406/1815
s 178
f 1275/1404/1816 1274/1204/1817 1277/1216/1818 1276/1407/1819
s 185
f 1276/1407/1820 1279/1408/1821 1310/1409/1822 1309/1410/1823
s 178
f 1279/1408/1824 1278/1215/1825 1281/1224/1826 1280/1411/1827
s 186
f 1280/1411/1828 1283/1400/1829 1314/1412/1830 1313/1413/1831
s 177
f 1284/1414/1832 1287/1415/1833 1317/1416/1834 1316/1417/1835
s 180
f 1285/1385/1836 1284/1418/1837 1295/1419/1838 1294/1393/1790
s 179
f 1287/1420/1839 1286/1384/1840 1289/1390/1783 1288/1421/1841
f 1288/1422/1841 1291/1423/1842 1322/1424/1843 1321/1425/1844
f 1291/1426/1842 1290/1389/1782 1305/1406/1845 1304/1427/1846
s 180
f 1292/1428/1847 1295/1429/1838 1328/1430/1848 1327/1431/1849
f 1293/1394/1791 1292/1432/1847 1303/1433/1850 1302/1402/1851
s 181
f 1296/1434/1852 1299/1435/1853 1332/1436/1854 1331/1437/1855
f 1297/1399/1799 1296/1438/1852 1315/1439/1856 1314/1412/1857
f 1299/1440/1853 1298/1398/1798 1301/1403/1858 1300/1441/1859
s 183
f 1300/1442/1860 1303/1443/1861 1337/1444/1862 1336/1445/1863
s 184
f 1304/1446/1864 1307/1447/1865 1340/1448/1866 1339/1449/1867
s 185
f 1307/1450/1868 1306/1405/1869 1309/1410/1823 1308/1451/1870
f 1308/1452/1870 1311/1453/1871 1344/1454/1872 1343/1455/1873
f 1311/1456/1871 1310/1409/1822 1313/1413/1874 1312/1457/1875
s 186
f 1312/1458/1876 1315/1459/1877 1347/1460/1878 1346/1461/1879
s 188
f 1316/1462/1880 1318/1463/1881 1329/1464/1882 1328/1465/1883
f 1318/1463/1881 1317/1466/1884 1321/1467/1885 1320/1468/1886
f 1319/1469/1887 1322/1470/1888 1339/1471/1889 1338/1472/1890
s 189
f 1320/1468/1891 1319/1469/1892 1326/1473/1893 1325/1474/1894
f 1323/1475/1895 1326/1473/1893 1342/1476/1896 1341/1477/1897
f 1324/1478/1898 1323/1475/1895 1334/1479/1899 1333/1480/1900
f 1325/1474/1894 1324/1478/1898 1330/1481/1901 1329/1464/1902
s 188
f 1327/1482/1903 1330/1481/1904 1335/1483/1905 1337/1484/1906
f 1331/1485/1907 1334/1479/1908 1345/1486/1909 1347/1487/1910
f 1333/1480/1911 1332/1488/1912 1336/1489/1913 1335/1483/1905
f 1338/1472/1890 1340/1490/1914 1343/1491/1915 1342/1476/1916
f 1341/1477/1917 1344/1492/1918 1346/1493/1919 1345/1486/1909
s 189
f 1318/1463/1920 1320/1468/1891 1325/1474/1894 1329/1464/1902
f 1330/1481/1901 1324/1478/1898 1333/1480/1900 1335/1483/1921
f 1319/1469/1892 1338/1472/1922 1342/1476/1896 1326/1473/1893
f 1323/1475/1895 1341/1477/1897 1345/1486/1923 1334/1479/1899
s 175
f 1066/1180/1566 1097/1193/1579 1094/1182/1568 1061/1178/1564
f 1070/1191/1577 1101/1201/1587 1098/1192/1578 1065/1189/1575
f 1074/1209/1595 1105/1211/1597 1110/1218/1604 1077/1212/1598
f 1078/1217/1603 1109/1219/1605 1114/1226/1612 1081/1220/1606
f 1062/1181/1567 1093/1183/1569 1118/1232/1618 1085/1184/1570
f 1090/1199/1585 1121/1237/1623 1102/1200/1586 1069/1197/1583
f 1086/1208/1594 1117/1233/1619 1106/1210/1596 1073/1206/1592
f 1082/1225/1611 1113/1227/1613 1122/1236/1622 1089/1228/1614
f 1096/1243/1629 1129/1246/1632 1126/1240/1626 1095/1239/1625
f 1100/1247/1633 1133/1250/1636 1130/1245/1631 1099/1244/1630
f 1104/1252/1638 1137/1255/1641 1142/1259/1645 1111/1256/1642
f 1108/1258/1644 1141/1260/1646 1146/1263/1649 1115/1261/1647
f 1092/1238/1624 1125/1241/1627 1150/1266/1652 1119/1242/1628
f 1120/1251/1637 1153/1269/1655 1134/1249/1635 1103/1248/1634
f 1116/1257/1643 1149/1267/1653 1138/1254/1640 1107/1253/1639
f 1112/1262/1648 1145/1264/1650 1154/1268/1654 1123/1265/1651
f 1128/1275/1661 1161/1278/1664 1158/1272/1658 1127/1271/1657
f 1132/1279/1665 1165/1282/1668 1162/1277/1663 1131/1276/1662
f 1136/1284/1670 1169/1287/1673 1174/1291/1677 1143/1288/1674
f 1140/1290/1676 1173/1292/1678 1178/1295/1681 1147/1293/1679
f 1124/1270/1656 1157/1273/1659 1182/1298/1684 1151/1274/1660
f 1152/1283/1669 1185/1301/1687 1166/1281/1667 1135/1280/1666
f 1148/1289/1675 1181/1299/1685 1170/1286/1672 1139/1285/1671
f 1144/1294/1680 1177/1296/1682 1186/1300/1686 1155/1297/1683
f 1160/1307/1693 1193/1310/1696 1190/1304/1690 1159/1303/1689
f 1164/1311/1697 1197/1314/1700 1194/1309/1695 1163/1308/1694
f 1168/1316/1702 1201/1319/1705 1206/1323/1709 1175/1320/1706
f 1172/1322/1708 1205/1324/1710 1210/1327/1713 1179/1325/1711
f 1156/1302/1688 1189/1305/1691 1214/1330/1716 1183/1306/1692
f 1184/1315/1701 1217/1333/1719 1198/1313/1699 1167/1312/1698
f 1180/1321/1707 1213/1331/1717 1202/1318/1704 1171/1317/1703
f 1176/1326/1712 1209/1328/1714 1218/1332/1718 1187/1329/1715
f 1192/1339/1725 1225/1342/1728 1222/1336/1722 1191/1335/1721
f 1196/1343/1729 1228/1346/1732 1226/1341/1727 1195/1340/1726
f 1200/1348/1734 1232/1351/1737 1236/1355/1741 1207/1352/1738
f 1204/1354/1740 1235/1356/1742 1240/1359/1745 1211/1357/1743
f 1188/1334/1720 1221/1337/1723 1243/1362/1748 1215/1338/1724
f 1216/1347/1733 1246/1365/1751 1229/1345/1731 1199/1344/1730
f 1212/1353/1739 1242/1363/1749 1233/1350/1736 1203/1349/1735
f 1208/1358/1744 1239/1360/1746 1247/1364/1750 1219/1361/1747
f 1230/1373/1759 1245/1375/1761 1238/1381/1767 1251/1374/1760
f 1224/1371/1757 1227/1372/1758 1250/1368/1754 1223/1367/1753
f 1249/1369/1755 1234/1377/1763 1244/1370/1756 1220/1366/1752
f 1241/1380/1766 1237/1379/1765 1231/1376/1762 1248/1378/1764
f 1063/1175/1561 1084/1185/1571 1257/1231/1617 1254/1176/1562
f 1067/1179/1565 1060/1174/1560 1253/1177/1563 1262/1187/1573
f 1091/1198/1584 1068/1194/1580 1269/1196/1582 1266/1234/1620
f 1071/1190/1576 1064/1186/1572 1261/1188/1574 1270/1195/1581
f 1087/1207/1593 1072/1202/1588 1273/1205/1591 1258/1230/1616
f 1075/1203/1589 1076/1213/1599 1277/1216/1602 1274/1204/1590
f 1079/1214/1600 1080/1221/1607 1281/1224/1610 1278/1215/1601
f 1083/1222/1608 1088/1229/1615 1265/1235/1621 1282/1223/1609
s 179
f 1255/1383/1924 1256/1387/1780 1289/1390/1783 1286/1384/1840
s 180
f 1263/1386/1789 1252/1382/1925 1285/1385/1836 1294/1393/1790
s 181
f 1267/1397/1797 1268/1401/1926 1301/1403/1858 1298/1398/1798
s 180
f 1271/1395/1927 1260/1392/1788 1293/1394/1791 1302/1402/1851
s 179
f 1259/1388/1781 1272/1391/1928 1305/1406/1845 1290/1389/1782
s 185
f 1275/1404/1929 1276/1407/1820 1309/1410/1823 1306/1405/1869
f 1279/1408/1821 1280/1411/1930 1313/1413/1874 1310/1409/1822
s 181
f 1283/1400/1931 1264/1396/1796 1297/1399/1799 1314/1412/1857
s 179
f 1287/1415/1839 1288/1422/1841 1321/1425/1844 1317/1416/1932
s 180
f 1295/1429/1838 1284/1414/1837 1316/1417/1933 1328/1430/1848
s 181
f 1299/1435/1853 1300/1442/1859 1336/1445/1934 1332/1436/1854
s 180
f 1303/1443/1850 1292/1428/1847 1327/1431/1849 1337/1444/1935
s 179
f 1291/1423/1842 1304/1446/1846 1339/1449/1936 1322/1424/1843
s 185
f 1307/1447/1868 1308/1452/1870 1343/1455/1873 1340/1448/1937
f 1311/1453/1871 1312/1458/1875 1346/1461/1938 1344/1454/1872
s 181
f 1315/1459/1856 1296/1434/1852 1331/1437/1855 1347/1460/1939
s 175
f 1060/1174/1560 1061/1178/1564 1062/1181/1567 1063/1175/1561
f 1064/1186/1572 1065/1189/1575 1066/1180/1566 1067/1179/1565
f 1068/1194/1580 1069/1197/1583 1070/1191/1577 1071/1190/1576
f 1072/1202/1588 1073/1206/1592 1074/1209/1595 1075/1203/1589
f 1076/1213/1599 1077/1212/1598 1078/1217/1603 1079/1214/1600
f 1080/1221/1607 1081/1220/1606 1082/1225/1611 1083/1222/1608
f 1084/1185/1571 1085/1184/1570 1086/1208/1594 1087/1207/1593
f 1088/1229/1615 1089/1228/1614 1090/1199/1585 1091/1198/1584
f 1092/1238/1624 1093/1183/1569 1094/1182/1568 1095/1239/1625
f 1096/1243/1629 1097/1193/1579 1098/1192/1578 1099/1244/1630
f 1100/1247/1633 1101/1201/1587 1102/1200/1586 1103/1248/1634
f 1104/1252/1638 1105/1211/1597 1106/1210/1596 1107/1253/1639
f 1108/1258/1644 1109/1219/1605 1110/1218/1604 1111/1256/1642
f 1112/1262/1648 1113/1227/1613 1114/1226/1612 1115/1261/1647
f 1116/1257/1643 1117/1233/1619 1118/1232/1618 1119/1242/1628
f 1120/1251/1637 1121/1237/1623 1122/1236/1622 1123/1265/1651
f 1124/1270/1656 1125/1241/1627 1126/1240/1626 1127/1271/1657
f 1128/1275/1661 1129/1246/1632 1130/1245/1631 1131/1276/1662
f 1132/1279/1665 1133/1250/1636 1134/1249/1635 1135/1280/1666
f 1136/1284/1670 1137/1255/1641 1138/1254/1640 1139/1285/1671
f 1140/1290/1676 1141/1260/1646 1142/1259/1645 1143/1288/1674
f 1144/1294/1680 1145/1264/1650 1146/1263/1649 1147/1293/1679
f 1148/1289/1675 1149/1267/1653 1150/1266/1652 1151/1274/1660
f 1152/1283/1669 1153/1269/1655 1154/1268/1654 1155/1297/1683
f 1156/1302/1688 1157/1273/1659 1158/1272/1658 1159/1303/1689
f 1160/1307/1693 1161/1278/1664 1162/1277/1663 1163/1308/1694
f 1164/1311/1697 1165/1282/1668 1166/1281/1667 1167/1312/1698
f 1168/1316/1702 1169/1287/1673 1170/1286/1672 1171/1317/1703
f 1172/1322/1708 1173/1292/1678 1174/1291/1677 1175/1320/1706
f 1176/1326/1712 1177/1296/1682 1178/1295/1681 1179/1325/1711
f 1180/1321/1707 1181/1299/1685 1182/1298/1684 1183/1306/1692
f 1184/1315/1701 1185/1301/1687 1186/1300/1686 1187/1329/1715
f 1188/1334/1720 1189/1305/1691 1190/1304/1690 1191/1335/1721
f 1192/1339/1725 1193/1310/1696 1194/1309/1695 1195/1340/1726
f 1196/1343/1729 1197/1314/1700 1198/1313/1699 1199/1344/1730
f 1200/1348/1734 1201/1319/1705 1202/1318/1704 1203/1349/1735
f 1204/1354/1740 1205/1324/1710 1206/1323/1709 1207/1352/1738
f 1208/1358/1744 1209/1328/1714 1210/1327/1713 1211/1357/1743
f 1212/1353/1739 1213/1331/1717 1214/1330/1716 1215/1338/1724
f 1216/1347/1733 1217/1333/1719 1218/1332/1718 1219/1361/1747
f 1220/1366/1752 1221/1337/1723 1222/1336/1722 1223/1367/1753
f 1224/1371/1757 1225/1342/1728 1226/1341/1727
f 1227/1372/1758 1228/1346/1732 1229/1345/1731 1230/1373/1759
f 1231/1376/1762 1232/1351/1737 1233/1350/1736 1234/1377/1763
f 1235/1356/1742 1236/1355/1741 1237/1379/1765
f 1238/1381/1767 1239/1360/1746 1240/1359/1745 1241/1380/1766
f 1242/1363/1749 1243/1362/1748 1244/1370/1756
f 1245/1375/1761 1246/1365/1751 1247/1364/1750
f 1248/1378/1764 1249/1369/1755 1250/1368/1754 1251/1374/1760
s 178
f 1252/1382/1773 1253/1177/1772 1254/1176/1777 1255/1383/1776
f 1256/1387/1779 1257/1231/1778 1258/1230/1785 1259/1388/1784
f 1260/1392/1793 1261/1188/1792 1262/1187/1775 1263/1386/1774
f 1264/1396/1801 1265/1235/1800 1266/1234/1805 1267/1397/1804
f 1268/1401/1807 1269/1196/1806 1270/1195/1795 1271/1395/1794
f 1272/1391/1787 1273/1205/1786 1274/1204/1817 1275/1404/1816
f 1276/1407/1819 1277/1216/1818 1278/1215/1825 1279/1408/1824
f 1280/1411/1827 1281/1224/1826 1282/1223/1803 1283/1400/1802
s 177
f 1284/1418/1832 1285/1385/1771 1286/1384/1770 1287/1420/1833
s 179
f 1288/1421/1841 1289/1390/1783 1290/1389/1782 1291/1426/1842
s 180
f 1292/1432/1847 1293/1394/1791 1294/1393/1790 1295/1419/1838
s 181
f 1296/1438/1852 1297/1399/1799 1298/1398/1798 1299/1440/1853
s 183
f 1300/1441/1860 1301/1403/1811 1302/1402/1810 1303/1433/1861
s 184
f 1304/1427/1864 1305/1406/1815 1306/1405/1814 1307/1450/1865
s 185
f 1308/1451/1870 1309/1410/1823 1310/1409/1822 1311/1456/1871
s 186
f 1312/1457/1876 1313/1413/1831 1314/1412/1830 1315/1439/1877
s 188
f 1316/1462/1880 1317/1466/1884 1318/1463/1881
f 1319/1469/1887 1320/1468/1886 1321/1467/1885 1322/1470/1888
s 189
f 1323/1475/1895 1324/1478/1898 1325/1474/1894 1326/1473/1893
s 188
f 1327/1482/1903 1328/1465/1883 1329/1464/1882 1330/1481/1904
f 1331/1485/1907 1332/1488/1912 1333/1480/1911 1334/1479/1908
f 1335/1483/1905 1336/1489/1913 1337/1484/1906
f 1338/1472/1890 1339/1471/1889 1340/1490/1914
f 1341/1477/1917 1342/1476/1916 1343/1491/1915 1344/1492/1918
f 1345/1486/1909 1346/1493/1919 1347/1487/1910
s 191
f 1348/1494/1940 1351/1495/1941 1542/1496/1942 1541/1497/1943
f 1349/1498/1944 1348/1494/1940 1355/1499/1945 1354/1500/1946
f 1350/1501/1947 1349/1498/1944 1382/1502/1948 1381/1503/1949
f 1351/1495/1941 1350/1501/1947 1373/1504/1950 1372/1505/1951
f 1352/1506/1952 1355/1499/1945 1550/1507/1953 1549/1508/1954
f 1353/1509/1955 1352/1506/1952 1359/1510/1956 1358/1511/1957
f 1354/1500/1946 1353/1509/1955 1386/1512/1958 1385/1513/1959
f 1356/1514/1960 1359/1510/1956 1558/1515/1961 1557/1516/1962
f 1357/1517/1963 1356/1514/1960 1379/1518/1964 1378/1519/1965
f 1358/1511/1957 1357/1517/1963 1390/1520/1966 1389/1521/1967
f 1360/1522/1968 1363/1523/1969 1562/1524/1970 1561/1525/1971
f 1361/1526/1972 1360/1522/1968 1375/1527/1973 1374/1528/1974
f 1362/1529/1975 1361/1526/1972 1394/1530/1976 1393/1531/1977
f 1363/1523/1969 1362/1529/1975 1365/1532/1978 1364/1533/1979
f 1364/1533/1979 1367/1534/1980 1566/1535/1981 1565/1536/1982
f 1366/1537/1983 1365/1532/1978 1398/1538/1984 1397/1539/1985
f 1367/1534/1980 1366/1537/1983 1369/1540/1986 1368/1541/1987
f 1368/1541/1987 1371/1542/1988 1570/1543/1989 1569/1544/1990
f 1370/1545/1991 1369/1540/1986 1402/1546/1992 1401/1547/1993
f 1371/1542/1988 1370/1545/1991 1377/1548/1994 1376/1549/1995
f 1372/1505/1951 1375/1527/1973 1546/1550/1996 1545/1551/1997
f 1374/1528/1974 1373/1504/1950 1406/1552/1998 1405/1553/1999
f 1376/1549/1995 1379/1518/1964 1554/1554/2000 1553/1555/2001
f 1378/1519/1965 1377/1548/1994 1410/1556/2002 1409/1557/2003
f 1380/1558/2004 1383/1559/2005 1414/1560/2006 1413/1561/2007
f 1381/1503/1949 1380/1558/2004 1407/1562/2008 1406/1552/1998
f 1383/1559/2005 1382/1502/1948 1385/1513/1959 1384/1563/2009
f 1384/1563/2009 1387/1564/2010 1418/1565/2011 1417/1566/2012
f 1387/1564/2010 1386/1512/1958 1389/1521/1967 1388/1567/2013
f 1388/1567/2013 1391/1568/2014 1422/1569/2015 1421/1570/2016
f 1391/1568/2014 1390/1520/1966 1409/1557/2003 1408/1571/2017
f 1392/1572/2018 1395/1573/2019 1426/1574/2020 1425/1575/2021
f 1393/1531/1977 1392/1572/2018 1399/1576/2022 1398/1538/1984
f 1395/1573/2019 1394/1530/1976 1405/1553/1999 1404/1577/2023
f 1396/1578/2024 1399/1576/2022 1430/1579/2025 1429/1580/2026
f 1397/1539/1985 1396/1578/2024 1403/1581/2027 1402/1546/1992
f 1400/1582/2028 1403/1581/2027 1434/1583/2029 1433/1584/2030
f 1401/1547/1993 1400/1582/2028 1411/1585/2031 1410/1556/2002
f 1404/1577/2023 1407/1562/2008 1438/1586/2032 1437/1587/2033
f 1408/1571/2017 1411/1585/2031 1442/1588/2034 1441/1589/2035
f 1412/1590/2036 1415/1591/2037 1446/1592/2038 1445/1593/2039
f 1413/1561/2007 1412/1590/2036 1439/1594/2040 1438/1586/2032
f 1415/1591/2037 1414/1560/2006 1417/1566/2012 1416/1595/2041
f 1416/1595/2041 1419/1596/2042 1450/1597/2043 1449/1598/2044
f 1419/1596/2042 1418/1565/2011 1421/1570/2016 1420/1599/2045
f 1420/1599/2045 1423/1600/2046 1454/1601/2047 1453/1602/2048
f 1423/1600/2046 1422/1569/2015 1441/1589/2035 1440/1603/2049
f 1424/1604/2050 1427/1605/2051 1458/1606/2052 1457/1607/2053
f 1425/1575/2021 1424/1604/2050 1431/1608/2054 1430/1579/2025
f 1427/1605/2051 1426/1574/2020 1437/1587/2033 1436/1609/2055
f 1428/1610/2056 1431/1608/2054 1462/1611/2057 1461/1612/2058
f 1429/1580/2026 1428/1610/2056 1435/1613/2059 1434/1583/2029
f 1432/1614/2060 1435/1613/2059 1466/1615/2061 1465/1616/2062
f 1433/1584/2030 1432/1614/2060 1443/1617/2063 1442/1588/2034
f 1436/1609/2055 1439/1594/2040 1470/1618/2064 1469/1619/2065
f 1440/1603/2049 1443/1617/2063 1474/1620/2066 1473/1621/2067
f 1444/1622/2068 1447/1623/2069 1478/1624/2070 1477/1625/2071
f 1445/1593/2039 1444/1622/2068 1471/1626/2072 1470/1618/2064
f 1447/1623/2069 1446/1592/2038 1449/1598/2044 1448/1627/2073
f 1448/1627/2073 1451/1628/2074 1482/1629/2075 1481/1630/2076
f 1451/1628/2074 1450/1597/2043 1453/1602/2048 1452/1631/2077
f 1452/1631/2077 1455/1632/2078 1486/1633/2079 1485/1634/2080
f 1455/1632/2078 1454/1601/2047 1473/1621/2067 1472/1635/2081
f 1456/1636/2082 1459/1637/2083 1490/1638/2084 1489/1639/2085
f 1457/1607/2053 1456/1636/2082 1463/1640/2086 1462/1611/2057
f 1459/1637/2083 1458/1606/2052 1469/1619/2065 1468/1641/2087
f 1460/1642/2088 1463/1640/2086 1494/1643/2089 1493/1644/2090
f 1461/1612/2058 1460/1642/2088 1467/1645/2091 1466/1615/2061
f 1464/1646/2092 1467/1645/2091 1498/1647/2093 1497/1648/2094
f 1465/1616/2062 1464/1646/2092 1475/1649/2095 1474/1620/2066
f 1468/1641/2087 1471/1626/2072 1502/1650/2096 1501/1651/2097
f 1472/1635/2081 1475/1649/2095 1506/1652/2098 1505/1653/2099
f 1476/1654/2100 1479/1655/2101 1510/1656/2102 1509/1657/2103
f 1477/1625/2071 1476/1654/2100 1503/1658/2104 1502/1650/2096
f 1479/1655/2101 1478/1624/2070 1481/1630/2076 1480/1659/2105
f 1480/1659/2105 1483/1660/2106 1514/1661/2107 1513/1662/2108
f 1483/1660/2106 1482/1629/2075 1485/1634/2080 1484/1663/2109
f 1484/1663/2109 1487/1664/2110 1517/1665/2111 1516/1666/2112
f 1487/1664/2110 1486/1633/2079 1505/1653/2099 1504/1667/2113
f 1488/1668/2114 1491/1669/2115 1521/1670/2116 1520/1671/2117
f 1489/1639/2085 1488/1668/2114 1495/1672/2118 1494/1643/2089
f 1491/1669/2115 1490/1638/2084 1501/1651/2097 1500/1673/2119
f 1492/1674/2120 1495/1672/2118 1524/1675/2121 1523/1676/2122
f 1493/1644/2090 1492/1674/2120 1499/1677/2123 1498/1647/2093
f 1496/1678/2124 1499/1677/2123 1528/1679/2125 1527/1680/2126
f 1497/1648/2094 1496/1678/2124 1507/1681/2127 1506/1652/2098
f 1500/1673/2119 1503/1658/2104 1531/1682/2128 1530/1683/2129
f 1504/1667/2113 1507/1681/2127 1535/1684/2130 1534/1685/2131
f 1508/1686/2132 1511/1687/2133 1538/1688/2134 1537/1689/2135
f 1509/1657/2103 1508/1686/2132 1532/1690/2136 1531/1682/2128
f 1511/1687/2133 1510/1656/2102 1513/1662/2108 1512/1691/2137
f 1512/1691/2137 1514/1661/2107 1516/1666/2112 1515/1692/2138
f 1515/1692/2138 1518/1693/2139 1539/1694/2140 1538/1688/2134
f 1518/1693/2139 1517/1665/2111 1534/1685/2131 1533/1695/2141
f 1519/1696/2142 1522/1697/2143 1537/1689/2135 1536/1698/2144
f 1520/1671/2117 1519/1696/2142 1525/1699/2145 1524/1675/2121
f 1522/1697/2143 1521/1670/2116 1530/1683/2129 1532/1690/2136
f 1523/1676/2122 1525/1699/2145 1529/1700/2146 1528/1679/2125
f 1526/1701/2147 1529/1700/2146 1536/1698/2144 1539/1694/2140
f 1527/1680/2126 1526/1701/2147 1533/1695/2141 1535/1684/2130
s 193
f 1540/1702/2148 1543/1703/2149 1574/1704/2150 1573/1705/2151
s 194
f 1541/1497/2152 1540/1702/2153 1551/1706/2154 1550/1507/2155
f 1543/1703/2156 1542/1496/2157 1545/1551/2158 1544/1707/2159
s 195
f 1544/1707/2160 1547/1708/2161 1578/1709/2162 1577/1710/2163
s 194
f 1547/1708/2164 1546/1550/2165 1561/1525/2166 1560/1711/2167
s 196
f 1548/1712/2168 1551/1706/2169 1582/1713/2170 1581/1714/2171
s 194
f 1549/1508/2172 1548/1712/2173 1559/1715/2174 1558/1515/2175
s 197
f 1552/1716/2176 1555/1717/2177 1586/1718/2178 1585/1719/2179
s 194
f 1553/1555/2180 1552/1716/2181 1571/1720/2182 1570/1543/2183
f 1555/1717/2184 1554/1554/2185 1557/1516/2186 1556/1721/2187
s 199
f 1556/1721/2188 1559/1715/2189 1590/1722/2190 1589/1723/2191
s 200
f 1560/1711/2192 1563/1724/2193 1594/1725/2194 1593/1726/2195
s 194
f 1563/1724/2196 1562/1524/2197 1565/1536/2198 1564/1727/2199
s 201
f 1564/1727/2200 1567/1728/2201 1598/1729/2202 1597/1730/2203
s 194
f 1567/1728/2204 1566/1535/2205 1569/1544/2206 1568/1731/2207
s 202
f 1568/1731/2208 1571/1720/2209 1602/1732/2210 1601/1733/2211
s 193
f 1572/1734/2212 1575/1735/2213 1605/1736/2214 1604/1737/2215
s 196
f 1573/1705/2216 1572/1738/2217 1583/1739/2218 1582/1713/2170
s 195
f 1575/1740/2219 1574/1704/2220 1577/1710/2163 1576/1741/2221
f 1576/1742/2221 1579/1743/2222 1610/1744/2223 1609/1745/2224
f 1579/1746/2222 1578/1709/2162 1593/1726/2225 1592/1747/2226
s 196
f 1580/1748/2227 1583/1749/2218 1616/1750/2228 1615/1751/2229
f 1581/1714/2171 1580/1752/2227 1591/1753/2230 1590/1722/2231
s 197
f 1584/1754/2232 1587/1755/2233 1620/1756/2234 1619/1757/2235
f 1585/1719/2179 1584/1758/2232 1603/1759/2236 1602/1732/2237
f 1587/1760/2233 1586/1718/2178 1589/1723/2238 1588/1761/2239
s 199
f 1588/1762/2240 1591/1763/2241 1625/1764/2242 1624/1765/2243
s 200
f 1592/1766/2244 1595/1767/2245 1628/1768/2246 1627/1769/2247
s 201
f 1595/1770/2248 1594/1725/2249 1597/1730/2203 1596/1771/2250
f 1596/1772/2250 1599/1773/2251 1632/1774/2252 1631/1775/2253
f 1599/1776/2251 1598/1729/2202 1601/1733/2254 1600/1777/2255
s 202
f 1600/1778/2256 1603/1779/2257 1635/1780/2258 1634/1781/2259
s 204
f 1604/1782/2260 1606/1783/2261 1617/1784/2262 1616/1785/2263
f 1606/1783/2261 1605/1786/2264 1609/1787/2265 1608/1788/2266
f 1607/1789/2267 1610/1790/2268 1627/1791/2269 1626/1792/2270
s 205
f 1608/1788/2271 1607/1789/2272 1614/1793/2273 1613/1794/2274
f 1611/1795/2275 1614/1793/2273 1630/1796/2276 1629/1797/2277
f 1612/1798/2278 1611/1795/2275 1622/1799/2279 1621/1800/2280
f 1613/1794/2274 1612/1798/2278 1618/1801/2281 1617/1784/2282
s 204
f 1615/1802/2283 1618/1801/2284 1623/1803/2285 1625/1804/2286
f 1619/1805/2287 1622/1799/2288 1633/1806/2289 1635/1807/2290
f 1621/1800/2291 1620/1808/2292 1624/1809/2293 1623/1803/2285
f 1626/1792/2270 1628/1810/2294 1631/1811/2295 1630/1796/2296
f 1629/1797/2297 1632/1812/2298 1634/1813/2299 1633/1806/2289
s 205
f 1606/1783/2300 1608/1788/2271 1613/1794/2274 1617/1784/2282
f 1618/1801/2281 1612/1798/2278 1621/1800/2280 1623/1803/2301
f 1607/1789/2272 1626/1792/2302 1630/1796/2276 1614/1793/2273
f 1611/1795/2275 1629/1797/2277 1633/1806/2303 1622/1799/2279
s 191
f 1354/1500/1946 1385/1513/1959 1382/1502/1948 1349/1498/1944
f 1358/1511/1957 1389/1521/1967 1386/1512/1958 1353/1509/1955
f 1362/1529/1975 1393/1531/1977 1398/1538/1984 1365/1532/1978
f 1366/1537/1983 1397/1539/1985 1402/1546/1992 1369/1540/1986
f 1350/1501/1947 1381/1503/1949 1406/1552/1998 1373/1504/1950
f 1378/1519/1965 1409/1557/2003 1390/1520/1966 1357/1517/1963
f 1374/1528/1974 1405/1553/1999 1394/1530/1976 1361/1526/1972
f 1370/1545/1991 1401/1547/1993 1410/1556/2002 1377/1548/1994
f 1384/1563/2009 1417/1566/2012 1414/1560/2006 1383/1559/2005
f 1388/1567/2013 1421/1570/2016 1418/1565/2011 1387/1564/2010
f 1392/1572/2018 1425/1575/2021 1430/1579/2025 1399/1576/2022
f 1396/1578/2024 1429/1580/2026 1434/1583/2029 1403/1581/2027
f 1380/1558/2004 1413/1561/2007 1438/1586/2032 1407/1562/2008
f 1408/1571/2017 1441/1589/2035 1422/1569/2015 1391/1568/2014
f 1404/1577/2023 1437/1587/2033 1426/1574/2020 1395/1573/2019
f 1400/1582/2028 1433/1584/2030 1442/1588/2034 1411/1585/2031
f 1416/1595/2041 1449/1598/2044 1446/1592/2038 1415/1591/2037
f 1420/1599/2045 1453/1602/2048 1450/1597/2043 1419/1596/2042
f 1424/1604/2050 1457/1607/2053 1462/1611/2057 1431/1608/2054
f 1428/1610/2056 1461/1612/2058 1466/1615/2061 1435/1613/2059
f 1412/1590/2036 1445/1593/2039 1470/1618/2064 1439/1594/2040
f 1440/1603/2049 1473/1621/2067 1454/1601/2047 1423/1600/2046
f 1436/1609/2055 1469/1619/2065 1458/1606/2052 1427/1605/2051
f 1432/1614/2060 1465/1616/2062 1474/1620/2066 1443/1617/2063
f 1448/1627/2073 1481/1630/2076 1478/1624/2070 1447/1623/2069
f 1452/1631/2077 1485/1634/2080 1482/1629/2075 1451/1628/2074
f 1456/1636/2082 1489/1639/2085 1494/1643/2089 1463/1640/2086
f 1460/1642/2088 1493/1644/2090 1498/1647/2093 1467/1645/2091
f 1444/1622/2068 1477/1625/2071 1502/1650/2096 1471/1626/2072
f 1472/1635/2081 1505/1653/2099 1486/1633/2079 1455/1632/2078
f 1468/1641/2087 1501/1651/2097 1490/1638/2084 1459/1637/2083
f 1464/1646/2092 1497/1648/2094 1506/1652/2098 1475/1649/2095
f 1480/1659/2105 1513/1662/2108 1510/1656/2102 1479/1655/2101
f 1484/1663/2109 1516/1666/2112 1514/1661/2107 1483/1660/2106
f 1488/1668/2114 1520/1671/2117 1524/1675/2121 1495/1672/2118
f 1492/1674/2120 1523/1676/2122 1528/1679/2125 1499/1677/2123
f 1476/1654/2100 1509/1657/2103 1531/1682/2128 1503/1658/2104
f 1504/1667/2113 1534/1685/2131 1517/1665/2111 1487/1664/2110
f 1500/1673/2119 1530/1683/2129 1521/1670/2116 1491/1669/2115
f 1496/1678/2124 1527/1680/2126 1535/1684/2130 1507/1681/2127
f 1518/1693/2139 1533/1695/2141 1526/1701/2147 1539/1694/2140
f 1512/1691/2137 1515/1692/2138 1538/1688/2134 1511/1687/2133
f 1537/1689/2135 1522/1697/2143 1532/1690/2136 1508/1686/2132
f 1529/1700/2146 1525/1699/2145 1519/1696/2142 1536/1698/2144
f 1351/1495/1941 1372/1505/1951 1545/1551/1997 1542/1496/1942
f 1355/1499/1945 1348/1494/1940 1541/1497/1943 1550/1507/1953
f 1379/1518/1964 1356/1514/1960 1557/1516/1962 1554/1554/2000
f 1359/1510/1956 1352/1506/1952 1549/1508/1954 1558/1515/1961
f 1375/1527/1973 1360/1522/1968 1561/1525/1971 1546/1550/1996
f 1363/1523/1969 1364/1533/1979 1565/1536/1982 1562/1524/1970
f 1367/1534/1980 1368/1541/1987 1569/1544/1990 1566/1535/1981
f 1371/1542/1988 1376/1549/1995 1553/1555/2001 1570/1543/1989
s 195
f 1543/1703/2304 1544/1707/2160 1577/1710/2163 1574/1704/2220
s 196
f 1551/1706/2169 1540/1702/2305 1573/1705/2216 1582/1713/2170
s 197
f 1555/1717/2177 1556/1721/2306 1589/1723/2238 1586/1718/2178
s 196
f 1559/1715/2307 1548/1712/2168 1581/1714/2171 1590/1722/2231
s 195
f 1547/1708/2161 1560/1711/2308 1593/1726/2225 1578/1709/2162
s 201
f 1563/1724/2309 1564/1727/2200 1597/1730/2203 1594/1725/2249
f 1567/1728/2201 1568/1731/2310 1601/1733/2254 1598/1729/2202
s 197
f 1571/1720/2311 1552/1716/2176 1585/1719/2179 1602/1732/2237
s 195
f 1575/1735/2219 1576/1742/2221 1609/1745/2224 1605/1736/2312
s 196
f 1583/1749/2218 1572/1734/2217 1604/1737/2313 1616/1750/2228
s 197
f 1587/1755/2233 1588/1762/2239 1624/1765/2314 1620/1756/2234
s 196
f 1591/1763/2230 1580/1748/2227 1615/1751/2229 1625/1764/2315
s 195
f 1579/1743/2222 1592/1766/2226 1627/1769/2316 1610/1744/2223
s 201
f 1595/1767/2248 1596/1772/2250 1631/1775/2253 1628/1768/2317
f 1599/1773/2251 1600/1778/2255 1634/1781/2318 1632/1774/2252
s 197
f 1603/1779/2236 1584/1754/2232 1619/1757/2235 1635/1780/2319
s 191
f 1348/1494/1940 1349/1498/1944 1350/1501/1947 1351/1495/1941
f 1352/1506/1952 1353/1509/1955 1354/1500/1946 1355/1499/1945
f 1356/1514/1960 1357/1517/1963 1358/1511/1957 1359/1510/1956
f 1360/1522/1968 1361/1526/1972 1362/1529/1975 1363/1523/1969
f 1364/1533/1979 1365/1532/1978 1366/1537/1983 1367/1534/1980
f 1368/1541/1987 1369/1540/1986 1370/1545/1991 1371/1542/1988
f 1372/1505/1951 1373/1504/1950 1374/1528/1974 1375/1527/1973
f 1376/1549/1995 1377/1548/1994 1378/1519/1965 1379/1518/1964
f 1380/1558/2004 1381/1503/1949 1382/1502/1948 1383/1559/2005
f 1384/1563/2009 1385/1513/1959 1386/1512/1958 1387/1564/2010
f 1388/1567/2013 1389/1521/1967 1390/1520/1966 1391/1568/2014
f 1392/1572/2018 1393/1531/1977 1394/1530/1976 1395/1573/2019
f 1396/1578/2024 1397/1539/1985 1398/1538/1984 1399/1576/2022
f 1400/1582/2028 1401/1547/1993 1402/1546/1992 1403/1581/2027
f 1404/1577/2023 1405/1553/1999 1406/1552/1998 1407/1562/2008
f 1408/1571/2017 1409/1557/2003 1410/1556/2002 1411/1585/2031
f 1412/1590/2036 1413/1561/2007 1414/1560/2006 1415/1591/2037
f 1416/1595/2041 1417/1566/2012 1418/1565/2011 1419/1596/2042
f 1420/1599/2045 1421/1570/2016 1422/1569/2015 1423/1600/2046
f 1424/1604/2050 1425/1575/2021 1426/1574/2020 1427/1605/2051
f 1428/1610/2056 1429/1580/2026 1430/1579/2025 1431/1608/2054
f 1432/1614/2060 1433/1584/2030 1434/1583/2029 1435/1613/2059
f 1436/1609/2055 1437/1587/2033 1438/1586/2032 1439/1594/2040
f 1440/1603/2049 1441/1589/2035 1442/1588/2034 1443/1617/2063
f 1444/1622/2068 1445/1593/2039 1446/1592/2038 1447/1623/2069
f 1448/1627/2073 1449/1598/2044 1450/1597/2043 1451/1628/2074
f 1452/1631/2077 1453/1602/2048 1454/1601/2047 1455/1632/2078
f 1456/1636/2082 1457/1607/2053 1458/1606/2052 1459/1637/2083
f 1460/1642/2088 1461/1612/2058 1462/1611/2057 1463/1640/2086
f 1464/1646/2092 1465/1616/2062 1466/1615/2061 1467/1645/2091
f 1468/1641/2087 1469/1619/2065 1470/1618/2064 1471/1626/2072
f 1472/1635/2081 1473/1621/2067 1474/1620/2066 1475/1649/2095
f 1476/1654/2100 1477/1625/2071 1478/1624/2070 1479/1655/2101
f 1480/1659/2105 1481/1630/2076 1482/1629/2075 1483/1660/2106
f 1484/1663/2109 1485/1634/2080 1486/1633/2079 1487/1664/2110
f 1488/1668/2114 1489/1639/2085 1490/1638/2084 1491/1669/2115
f 1492/1674/2120 1493/1644/2090 1494/1643/2089 1495/1672/2118
f 1496/1678/2124 1497/1648/2094 1498/1647/2093 1499/1677/2123
f 1500/1673/2119 1501/1651/2097 1502/1650/2096 1503/1658/2104
f 1504/1667/2113 1505/1653/2099 1506/1652/2098 1507/1681/2127
f 1508/1686/2132 1509/1657/2103 1510/1656/2102 1511/1687/2133
f 1512/1691/2137 1513/1662/2108 1514/1661/2107
f 1515/1692/2138 1516/1666/2112 1517/1665/2111 1518/1693/2139
f 1519/1696/2142 1520/1671/2117 1521/1670/2116 1522/1697/2143
f 1523/1676/2122 1524/1675/2121 1525/1699/2145
f 1526/1701/2147 1527/1680/2126 1528/1679/2125 1529/1700/2146
f 1530/1683/2129 1531/1682/2128 1532/1690/2136
f 1533/1695/2141 1534/1685/2131 1535/1684/2130
f 1536/1698/2144 1537/1689/2135 1538/1688/2134 1539/1694/2140
s 194
f 1540/1702/2153 1541/1497/2152 1542/1496/2157 1543/1703/2156
f 1544/1707/2159 1545/1551/2158 1546/1550/2165 1547/1708/2164
f 1548/1712/2173 1549/1508/2172 1550/1507/2155 1551/1706/2154
f 1552/1716/2181 1553/1555/2180 1554/1554/2185 1555/1717/2184
f 1556/1721/2187 1557/1516/2186 1558/1515/2175 1559/1715/2174
f 1560/1711/2167 1561/1525/2166 1562/1524/2197 1563/1724/2196
f 1564/1727/2199 1565/1536/2198 1566/1535/2205 1567/1728/2204
f 1568/1731/2207 1569/1544/2206 1570/1543/2183 1571/1720/2182
s 193
f 1572/1738/2212 1573/1705/2151 1574/1704/2150 1575/1740/2213
s 195
f 1576/1741/2221 1577/1710/2163 1578/1709/2162 1579/1746/2222
s 196
f 1580/1752/2227 1581/1714/2171 1582/1713/2170 1583/1739/2218
s 197
f 1584/1758/2232 1585/1719/2179 1586/1718/2178 1587/1760/2233
s 199
f 1588/1761/2240 1589/1723/2191 1590/1722/2190 1591/1753/2241
s 200
f 1592/1747/2244 1593/1726/2195 1594/1725/2194 1595/1770/2245
s 201
f 1596/1771/2250 1597/1730/2203 1598/1729/2202 1599/1776/2251
s 202
f 1600/1777/2256 1601/1733/2211 1602/1732/2210 1603/1759/2257
s 204
f 1604/1782/2260 1605/1786/2264 1606/1783/2261
f 1607/1789/2267 1608/1788/2266 1609/1787/2265 1610/1790/2268
s 205
f 1611/1795/2275 1612/1798/2278 1613/1794/2274 1614/1793/2273
s 204
f 1615/1802/2283 1616/1785/2263 1617/1784/2262 1618/1801/2284
f 1619/1805/2287 1620/1808/2292 1621/1800/2291 1622/1799/2288
f 1623/1803/2285 1624/1809/2293 1625/1804/2286
f 1626/1792/2270 1627/1791/2269 1628/1810/2294
f 1629/1797/2297 1630/1796/2296 1631/1811/2295 1632/1812/2298
f 1633/1806/2289 1634/1813/2299 1635/1807/2290
